event_name,era5_central_date,source
JAN 1987,1987-01-23,NOAA SSW Compendium
DEC 1987,1987-12-08,NOAA SSW Compendium
MAR 1988,1988-03-14,NOAA SSW Compendium
FEB 1989,1989-02-21,NOAA SSW Compendium
DEC 1998,1998-12-15,NOAA SSW Compendium
FEB 1999,1999-02-26,NOAA SSW Compendium
MAR 2000,2000-03-20,NOAA SSW Compendium
FEB 2001,2001-02-11,NOAA SSW Compendium
DEC 2001,2001-12-30,NOAA SSW Compendium
FEB 2002,2002-02-17,NOAA SSW Compendium
JAN 2003,2003-01-18,NOAA SSW Compendium
JAN 2004,2004-01-05,NOAA SSW Compendium
JAN 2006,2006-01-21,NOAA SSW Compendium
FEB 2007,2007-02-24,NOAA SSW Compendium
FEB 2008,2008-02-22,NOAA SSW Compendium
JAN 2009,2009-01-24,NOAA SSW Compendium
FEB 2010,2010-02-09,NOAA SSW Compendium
MAR 2010,2010-03-24,NOAA SSW Compendium
JAN 2013,2013-01-06,NOAA SSW Compendium
FEB 2018,2018-02-12,NOAA SSW Compendium
JAN 2019,2019-01-01,NOAA SSW Compendium
JAN 2021,2021-01-05,NOAA SSW Compendium
FEB 2023,2023-02-16,NOAA SSW Compendium
