station_uid,station_id,station_name_display,latitude,longitude,cell_area_km2,national_area_weight,cell_centroid_longitude,cell_centroid_latitude,weight_rank_largest_first
BMD_41859,41859,Rangpur,25.733333333333,89.233333333333,8240.271233613255,0.058765791047458604,89.35631299880164,25.75078043731923,3
BMD_41863,41863,Dinajpur,25.65,88.683333333333,7616.525132598743,0.05431752326600924,88.59825602742832,25.82842654425569,4
BMD_41883,41883,Bogra,24.85,89.366666666667,10084.064844911272,0.07191487158429762,89.42752796746903,24.878747495802628,2
BMD_41886,41886,Mymensingh,24.716666666667,90.433333333333,12968.371905381353,0.09248441125441006,90.49570212693239,24.718153855430394,1
BMD_41891,41891,Sylhet,24.9,91.883333333333,7336.582910867411,0.05232110523057872,91.7604240405793,24.910737575691122,6
BMD_41895,41895,Rajshahi,24.366666666667,88.7,5991.426429193971,0.04272807334035369,88.56980747185213,24.62324799350686,11
BMD_41907,41907,Ishurdi,24.133333333333,89.05,7145.254322195631,0.05095663851042675,89.14138047678293,24.039771525036535,7
BMD_41915,41915,Srimangal,24.3,91.733333333333,6608.244171048195,0.0471269312789505,91.54610415185496,24.295718419995882,9
BMD_41923,41923,Dhaka,23.766666666667,90.383333333333,7064.310396522812,0.050379383989574755,90.46101798696024,23.91389728629662,8
BMD_41929,41929,Faridpur,23.6,89.85,6215.64195144466,0.04432707441163313,89.75994924394652,23.703418786778265,10
BMD_41933,41933,Comilla,23.433333333333,91.183333333333,3266.9748446030926,0.023298548753117352,91.07351197594323,23.591751182541564,20
BMD_41936,41936,Jessore,23.183333333333,89.166666666667,5338.728032914505,0.03807333122260526,89.1450138948696,23.318466400871745,13
BMD_41939,41939,Madaripur,23.166666666667,90.183333333333,3482.679828427873,0.024836856613134745,90.12484691952365,23.167007626610822,18
BMD_41941,41941,Chandpur,23.266666666667,90.7,3386.2993812762325,0.024149515983463456,90.72250757144977,23.269561712479987,19
BMD_41943,41943,Feni,23.033333333333,91.416666666667,4802.560159533567,0.03424963072535252,91.6323444784945,23.116076079591608,14
BMD_41946,41946,Satkhira,22.716666666667,89.083333333333,4503.864069511356,0.03211946880284972,89.17431728059915,22.418204347455873,15
BMD_41947,41947,Khulna,22.783333333333,89.533333333333,5717.3805965133415,0.040773705615776375,89.60928952925927,22.667437078757775,12
BMD_41950,41950,Barisal,22.75,90.366666666667,2486.0260849131587,0.0177291845502127,90.25829760766929,22.75291105511398,25
BMD_41951,41951,Bhola,22.683333333333,90.65,2983.817309002241,0.021279200591037918,90.83605455144576,22.595389081376826,22
BMD_41960,41960,Patuakhali,22.333333333333,90.333333333333,3633.133182694335,0.02590982012714462,90.30087968301939,22.330640697221753,17
BMD_41965,41965,Sitakunda,22.583333333333,91.7,2920.90446585631,0.020830535384553664,91.74288700030198,22.630684126742878,23
BMD_41966,41966,Rangamati,22.533333333333,92.2,7403.511872164691,0.05279841152828597,92.26370517053466,22.601604515236264,5
BMD_41984,41984,Khepupara,21.983333333333,90.233333333333,4330.258758967842,0.030881396278912204,89.88486597154487,21.991482530894004,16
BMD_41989,41989,Kutubdia,21.816666666667,91.85,2918.311577910016,0.020812044110790753,92.16742070418809,21.913334942404603,24
BMD_41992,41992,Coxs_Bazar,21.45,91.966666666667,3151.513773654918,0.02247513396771823,92.28824757323521,21.525036227612773,21
BMD_41998,41998,Teknaf,20.866666666667,92.3,625.5891892186269,0.00446141183134947,92.34015802582712,21.08510811278757,26
