network_id,network_description,station_uid,station_id,station_name_display,combined_homogeneity_status,source_transition_status,included,exclusion_reason,temperature_treatment,network_freeze_timestamp_utc
primary_all_fixed_unadjusted,All Step 6A fixed-network stations retained without adjustment,BMD_41859,41859,Rangpur,no_major_inhomogeneity_signal,no_major_source_transition_signal,True,,retain_unadjusted,2026-06-24T15:25:06.577099+00:00
primary_all_fixed_unadjusted,All Step 6A fixed-network stations retained without adjustment,BMD_41863,41863,Dinajpur,no_major_inhomogeneity_signal,no_major_source_transition_signal,True,,retain_unadjusted,2026-06-24T15:25:06.577099+00:00
primary_all_fixed_unadjusted,All Step 6A fixed-network stations retained without adjustment,BMD_41883,41883,Bogra,no_major_inhomogeneity_signal,no_major_source_transition_signal,True,,retain_unadjusted,2026-06-24T15:25:06.577099+00:00
primary_all_fixed_unadjusted,All Step 6A fixed-network stations retained without adjustment,BMD_41886,41886,Mymensingh,no_major_inhomogeneity_signal,no_major_source_transition_signal,True,,retain_unadjusted,2026-06-24T15:25:06.577099+00:00
primary_all_fixed_unadjusted,All Step 6A fixed-network stations retained without adjustment,BMD_41891,41891,Sylhet,no_major_inhomogeneity_signal,no_major_source_transition_signal,True,,retain_unadjusted,2026-06-24T15:25:06.577099+00:00
primary_all_fixed_unadjusted,All Step 6A fixed-network stations retained without adjustment,BMD_41895,41895,Rajshahi,no_major_inhomogeneity_signal,no_major_source_transition_signal,True,,retain_unadjusted,2026-06-24T15:25:06.577099+00:00
primary_all_fixed_unadjusted,All Step 6A fixed-network stations retained without adjustment,BMD_41907,41907,Ishurdi,no_major_inhomogeneity_signal,no_major_source_transition_signal,True,,retain_unadjusted,2026-06-24T15:25:06.577099+00:00
primary_all_fixed_unadjusted,All Step 6A fixed-network stations retained without adjustment,BMD_41915,41915,Srimangal,no_major_inhomogeneity_signal,no_major_source_transition_signal,True,,retain_unadjusted,2026-06-24T15:25:06.577099+00:00
primary_all_fixed_unadjusted,All Step 6A fixed-network stations retained without adjustment,BMD_41923,41923,Dhaka,no_major_inhomogeneity_signal,no_major_source_transition_signal,True,,retain_unadjusted,2026-06-24T15:25:06.577099+00:00
primary_all_fixed_unadjusted,All Step 6A fixed-network stations retained without adjustment,BMD_41929,41929,Faridpur,no_major_inhomogeneity_signal,no_major_source_transition_signal,True,,retain_unadjusted,2026-06-24T15:25:06.577099+00:00
primary_all_fixed_unadjusted,All Step 6A fixed-network stations retained without adjustment,BMD_41933,41933,Comilla,no_major_inhomogeneity_signal,no_major_source_transition_signal,True,,retain_unadjusted,2026-06-24T15:25:06.577099+00:00
primary_all_fixed_unadjusted,All Step 6A fixed-network stations retained without adjustment,BMD_41936,41936,Jessore,no_major_inhomogeneity_signal,no_major_source_transition_signal,True,,retain_unadjusted,2026-06-24T15:25:06.577099+00:00
primary_all_fixed_unadjusted,All Step 6A fixed-network stations retained without adjustment,BMD_41939,41939,Madaripur,no_major_inhomogeneity_signal,no_major_source_transition_signal,True,,retain_unadjusted,2026-06-24T15:25:06.577099+00:00
primary_all_fixed_unadjusted,All Step 6A fixed-network stations retained without adjustment,BMD_41941,41941,Chandpur,no_major_inhomogeneity_signal,no_major_source_transition_signal,True,,retain_unadjusted,2026-06-24T15:25:06.577099+00:00
primary_all_fixed_unadjusted,All Step 6A fixed-network stations retained without adjustment,BMD_41943,41943,Feni,no_major_inhomogeneity_signal,no_major_source_transition_signal,True,,retain_unadjusted,2026-06-24T15:25:06.577099+00:00
primary_all_fixed_unadjusted,All Step 6A fixed-network stations retained without adjustment,BMD_41946,41946,Satkhira,moderate_priority_homogeneity_review,moderate_source_transition_signal,True,,retain_unadjusted,2026-06-24T15:25:06.577099+00:00
primary_all_fixed_unadjusted,All Step 6A fixed-network stations retained without adjustment,BMD_41947,41947,Khulna,no_major_inhomogeneity_signal,no_major_source_transition_signal,True,,retain_unadjusted,2026-06-24T15:25:06.577099+00:00
primary_all_fixed_unadjusted,All Step 6A fixed-network stations retained without adjustment,BMD_41950,41950,Barisal,no_major_inhomogeneity_signal,no_major_source_transition_signal,True,,retain_unadjusted,2026-06-24T15:25:06.577099+00:00
primary_all_fixed_unadjusted,All Step 6A fixed-network stations retained without adjustment,BMD_41951,41951,Bhola,no_major_inhomogeneity_signal,no_major_source_transition_signal,True,,retain_unadjusted,2026-06-24T15:25:06.577099+00:00
primary_all_fixed_unadjusted,All Step 6A fixed-network stations retained without adjustment,BMD_41960,41960,Patuakhali,no_major_inhomogeneity_signal,no_major_source_transition_signal,True,,retain_unadjusted,2026-06-24T15:25:06.577099+00:00
primary_all_fixed_unadjusted,All Step 6A fixed-network stations retained without adjustment,BMD_41965,41965,Sitakunda,no_major_inhomogeneity_signal,no_major_source_transition_signal,True,,retain_unadjusted,2026-06-24T15:25:06.577099+00:00
primary_all_fixed_unadjusted,All Step 6A fixed-network stations retained without adjustment,BMD_41966,41966,Rangamati,no_major_inhomogeneity_signal,no_major_source_transition_signal,True,,retain_unadjusted,2026-06-24T15:25:06.577099+00:00
primary_all_fixed_unadjusted,All Step 6A fixed-network stations retained without adjustment,BMD_41984,41984,Khepupara,no_major_inhomogeneity_signal,no_major_source_transition_signal,True,,retain_unadjusted,2026-06-24T15:25:06.577099+00:00
primary_all_fixed_unadjusted,All Step 6A fixed-network stations retained without adjustment,BMD_41989,41989,Kutubdia,no_major_inhomogeneity_signal,no_major_source_transition_signal,True,,retain_unadjusted,2026-06-24T15:25:06.577099+00:00
primary_all_fixed_unadjusted,All Step 6A fixed-network stations retained without adjustment,BMD_41992,41992,Coxs_Bazar,no_major_inhomogeneity_signal,no_major_source_transition_signal,True,,retain_unadjusted,2026-06-24T15:25:06.577099+00:00
primary_all_fixed_unadjusted,All Step 6A fixed-network stations retained without adjustment,BMD_41998,41998,Teknaf,no_major_inhomogeneity_signal,no_major_source_transition_signal,True,,retain_unadjusted,2026-06-24T15:25:06.577099+00:00
sensitivity_exclude_high,Excludes high-priority combined homogeneity signals,BMD_41859,41859,Rangpur,no_major_inhomogeneity_signal,no_major_source_transition_signal,True,,retain_unadjusted,2026-06-24T15:25:06.577099+00:00
sensitivity_exclude_high,Excludes high-priority combined homogeneity signals,BMD_41863,41863,Dinajpur,no_major_inhomogeneity_signal,no_major_source_transition_signal,True,,retain_unadjusted,2026-06-24T15:25:06.577099+00:00
sensitivity_exclude_high,Excludes high-priority combined homogeneity signals,BMD_41883,41883,Bogra,no_major_inhomogeneity_signal,no_major_source_transition_signal,True,,retain_unadjusted,2026-06-24T15:25:06.577099+00:00
sensitivity_exclude_high,Excludes high-priority combined homogeneity signals,BMD_41886,41886,Mymensingh,no_major_inhomogeneity_signal,no_major_source_transition_signal,True,,retain_unadjusted,2026-06-24T15:25:06.577099+00:00
sensitivity_exclude_high,Excludes high-priority combined homogeneity signals,BMD_41891,41891,Sylhet,no_major_inhomogeneity_signal,no_major_source_transition_signal,True,,retain_unadjusted,2026-06-24T15:25:06.577099+00:00
sensitivity_exclude_high,Excludes high-priority combined homogeneity signals,BMD_41895,41895,Rajshahi,no_major_inhomogeneity_signal,no_major_source_transition_signal,True,,retain_unadjusted,2026-06-24T15:25:06.577099+00:00
sensitivity_exclude_high,Excludes high-priority combined homogeneity signals,BMD_41907,41907,Ishurdi,no_major_inhomogeneity_signal,no_major_source_transition_signal,True,,retain_unadjusted,2026-06-24T15:25:06.577099+00:00
sensitivity_exclude_high,Excludes high-priority combined homogeneity signals,BMD_41915,41915,Srimangal,no_major_inhomogeneity_signal,no_major_source_transition_signal,True,,retain_unadjusted,2026-06-24T15:25:06.577099+00:00
sensitivity_exclude_high,Excludes high-priority combined homogeneity signals,BMD_41923,41923,Dhaka,no_major_inhomogeneity_signal,no_major_source_transition_signal,True,,retain_unadjusted,2026-06-24T15:25:06.577099+00:00
sensitivity_exclude_high,Excludes high-priority combined homogeneity signals,BMD_41929,41929,Faridpur,no_major_inhomogeneity_signal,no_major_source_transition_signal,True,,retain_unadjusted,2026-06-24T15:25:06.577099+00:00
sensitivity_exclude_high,Excludes high-priority combined homogeneity signals,BMD_41933,41933,Comilla,no_major_inhomogeneity_signal,no_major_source_transition_signal,True,,retain_unadjusted,2026-06-24T15:25:06.577099+00:00
sensitivity_exclude_high,Excludes high-priority combined homogeneity signals,BMD_41936,41936,Jessore,no_major_inhomogeneity_signal,no_major_source_transition_signal,True,,retain_unadjusted,2026-06-24T15:25:06.577099+00:00
sensitivity_exclude_high,Excludes high-priority combined homogeneity signals,BMD_41939,41939,Madaripur,no_major_inhomogeneity_signal,no_major_source_transition_signal,True,,retain_unadjusted,2026-06-24T15:25:06.577099+00:00
sensitivity_exclude_high,Excludes high-priority combined homogeneity signals,BMD_41941,41941,Chandpur,no_major_inhomogeneity_signal,no_major_source_transition_signal,True,,retain_unadjusted,2026-06-24T15:25:06.577099+00:00
sensitivity_exclude_high,Excludes high-priority combined homogeneity signals,BMD_41943,41943,Feni,no_major_inhomogeneity_signal,no_major_source_transition_signal,True,,retain_unadjusted,2026-06-24T15:25:06.577099+00:00
sensitivity_exclude_high,Excludes high-priority combined homogeneity signals,BMD_41946,41946,Satkhira,moderate_priority_homogeneity_review,moderate_source_transition_signal,True,,retain_unadjusted,2026-06-24T15:25:06.577099+00:00
sensitivity_exclude_high,Excludes high-priority combined homogeneity signals,BMD_41947,41947,Khulna,no_major_inhomogeneity_signal,no_major_source_transition_signal,True,,retain_unadjusted,2026-06-24T15:25:06.577099+00:00
sensitivity_exclude_high,Excludes high-priority combined homogeneity signals,BMD_41950,41950,Barisal,no_major_inhomogeneity_signal,no_major_source_transition_signal,True,,retain_unadjusted,2026-06-24T15:25:06.577099+00:00
sensitivity_exclude_high,Excludes high-priority combined homogeneity signals,BMD_41951,41951,Bhola,no_major_inhomogeneity_signal,no_major_source_transition_signal,True,,retain_unadjusted,2026-06-24T15:25:06.577099+00:00
sensitivity_exclude_high,Excludes high-priority combined homogeneity signals,BMD_41960,41960,Patuakhali,no_major_inhomogeneity_signal,no_major_source_transition_signal,True,,retain_unadjusted,2026-06-24T15:25:06.577099+00:00
sensitivity_exclude_high,Excludes high-priority combined homogeneity signals,BMD_41965,41965,Sitakunda,no_major_inhomogeneity_signal,no_major_source_transition_signal,True,,retain_unadjusted,2026-06-24T15:25:06.577099+00:00
sensitivity_exclude_high,Excludes high-priority combined homogeneity signals,BMD_41966,41966,Rangamati,no_major_inhomogeneity_signal,no_major_source_transition_signal,True,,retain_unadjusted,2026-06-24T15:25:06.577099+00:00
sensitivity_exclude_high,Excludes high-priority combined homogeneity signals,BMD_41984,41984,Khepupara,no_major_inhomogeneity_signal,no_major_source_transition_signal,True,,retain_unadjusted,2026-06-24T15:25:06.577099+00:00
sensitivity_exclude_high,Excludes high-priority combined homogeneity signals,BMD_41989,41989,Kutubdia,no_major_inhomogeneity_signal,no_major_source_transition_signal,True,,retain_unadjusted,2026-06-24T15:25:06.577099+00:00
sensitivity_exclude_high,Excludes high-priority combined homogeneity signals,BMD_41992,41992,Coxs_Bazar,no_major_inhomogeneity_signal,no_major_source_transition_signal,True,,retain_unadjusted,2026-06-24T15:25:06.577099+00:00
sensitivity_exclude_high,Excludes high-priority combined homogeneity signals,BMD_41998,41998,Teknaf,no_major_inhomogeneity_signal,no_major_source_transition_signal,True,,retain_unadjusted,2026-06-24T15:25:06.577099+00:00
sensitivity_no_source_transition,Excludes high and moderate January 2022 source-transition signals,BMD_41859,41859,Rangpur,no_major_inhomogeneity_signal,no_major_source_transition_signal,True,,retain_unadjusted,2026-06-24T15:25:06.577099+00:00
sensitivity_no_source_transition,Excludes high and moderate January 2022 source-transition signals,BMD_41863,41863,Dinajpur,no_major_inhomogeneity_signal,no_major_source_transition_signal,True,,retain_unadjusted,2026-06-24T15:25:06.577099+00:00
sensitivity_no_source_transition,Excludes high and moderate January 2022 source-transition signals,BMD_41883,41883,Bogra,no_major_inhomogeneity_signal,no_major_source_transition_signal,True,,retain_unadjusted,2026-06-24T15:25:06.577099+00:00
sensitivity_no_source_transition,Excludes high and moderate January 2022 source-transition signals,BMD_41886,41886,Mymensingh,no_major_inhomogeneity_signal,no_major_source_transition_signal,True,,retain_unadjusted,2026-06-24T15:25:06.577099+00:00
sensitivity_no_source_transition,Excludes high and moderate January 2022 source-transition signals,BMD_41891,41891,Sylhet,no_major_inhomogeneity_signal,no_major_source_transition_signal,True,,retain_unadjusted,2026-06-24T15:25:06.577099+00:00
sensitivity_no_source_transition,Excludes high and moderate January 2022 source-transition signals,BMD_41895,41895,Rajshahi,no_major_inhomogeneity_signal,no_major_source_transition_signal,True,,retain_unadjusted,2026-06-24T15:25:06.577099+00:00
sensitivity_no_source_transition,Excludes high and moderate January 2022 source-transition signals,BMD_41907,41907,Ishurdi,no_major_inhomogeneity_signal,no_major_source_transition_signal,True,,retain_unadjusted,2026-06-24T15:25:06.577099+00:00
sensitivity_no_source_transition,Excludes high and moderate January 2022 source-transition signals,BMD_41915,41915,Srimangal,no_major_inhomogeneity_signal,no_major_source_transition_signal,True,,retain_unadjusted,2026-06-24T15:25:06.577099+00:00
sensitivity_no_source_transition,Excludes high and moderate January 2022 source-transition signals,BMD_41923,41923,Dhaka,no_major_inhomogeneity_signal,no_major_source_transition_signal,True,,retain_unadjusted,2026-06-24T15:25:06.577099+00:00
sensitivity_no_source_transition,Excludes high and moderate January 2022 source-transition signals,BMD_41929,41929,Faridpur,no_major_inhomogeneity_signal,no_major_source_transition_signal,True,,retain_unadjusted,2026-06-24T15:25:06.577099+00:00
sensitivity_no_source_transition,Excludes high and moderate January 2022 source-transition signals,BMD_41933,41933,Comilla,no_major_inhomogeneity_signal,no_major_source_transition_signal,True,,retain_unadjusted,2026-06-24T15:25:06.577099+00:00
sensitivity_no_source_transition,Excludes high and moderate January 2022 source-transition signals,BMD_41936,41936,Jessore,no_major_inhomogeneity_signal,no_major_source_transition_signal,True,,retain_unadjusted,2026-06-24T15:25:06.577099+00:00
sensitivity_no_source_transition,Excludes high and moderate January 2022 source-transition signals,BMD_41939,41939,Madaripur,no_major_inhomogeneity_signal,no_major_source_transition_signal,True,,retain_unadjusted,2026-06-24T15:25:06.577099+00:00
sensitivity_no_source_transition,Excludes high and moderate January 2022 source-transition signals,BMD_41941,41941,Chandpur,no_major_inhomogeneity_signal,no_major_source_transition_signal,True,,retain_unadjusted,2026-06-24T15:25:06.577099+00:00
sensitivity_no_source_transition,Excludes high and moderate January 2022 source-transition signals,BMD_41943,41943,Feni,no_major_inhomogeneity_signal,no_major_source_transition_signal,True,,retain_unadjusted,2026-06-24T15:25:06.577099+00:00
sensitivity_no_source_transition,Excludes high and moderate January 2022 source-transition signals,BMD_41946,41946,Satkhira,moderate_priority_homogeneity_review,moderate_source_transition_signal,False,source_transition_status=moderate_source_transition_signal,retain_unadjusted,2026-06-24T15:25:06.577099+00:00
sensitivity_no_source_transition,Excludes high and moderate January 2022 source-transition signals,BMD_41947,41947,Khulna,no_major_inhomogeneity_signal,no_major_source_transition_signal,True,,retain_unadjusted,2026-06-24T15:25:06.577099+00:00
sensitivity_no_source_transition,Excludes high and moderate January 2022 source-transition signals,BMD_41950,41950,Barisal,no_major_inhomogeneity_signal,no_major_source_transition_signal,True,,retain_unadjusted,2026-06-24T15:25:06.577099+00:00
sensitivity_no_source_transition,Excludes high and moderate January 2022 source-transition signals,BMD_41951,41951,Bhola,no_major_inhomogeneity_signal,no_major_source_transition_signal,True,,retain_unadjusted,2026-06-24T15:25:06.577099+00:00
sensitivity_no_source_transition,Excludes high and moderate January 2022 source-transition signals,BMD_41960,41960,Patuakhali,no_major_inhomogeneity_signal,no_major_source_transition_signal,True,,retain_unadjusted,2026-06-24T15:25:06.577099+00:00
sensitivity_no_source_transition,Excludes high and moderate January 2022 source-transition signals,BMD_41965,41965,Sitakunda,no_major_inhomogeneity_signal,no_major_source_transition_signal,True,,retain_unadjusted,2026-06-24T15:25:06.577099+00:00
sensitivity_no_source_transition,Excludes high and moderate January 2022 source-transition signals,BMD_41966,41966,Rangamati,no_major_inhomogeneity_signal,no_major_source_transition_signal,True,,retain_unadjusted,2026-06-24T15:25:06.577099+00:00
sensitivity_no_source_transition,Excludes high and moderate January 2022 source-transition signals,BMD_41984,41984,Khepupara,no_major_inhomogeneity_signal,no_major_source_transition_signal,True,,retain_unadjusted,2026-06-24T15:25:06.577099+00:00
sensitivity_no_source_transition,Excludes high and moderate January 2022 source-transition signals,BMD_41989,41989,Kutubdia,no_major_inhomogeneity_signal,no_major_source_transition_signal,True,,retain_unadjusted,2026-06-24T15:25:06.577099+00:00
sensitivity_no_source_transition,Excludes high and moderate January 2022 source-transition signals,BMD_41992,41992,Coxs_Bazar,no_major_inhomogeneity_signal,no_major_source_transition_signal,True,,retain_unadjusted,2026-06-24T15:25:06.577099+00:00
sensitivity_no_source_transition,Excludes high and moderate January 2022 source-transition signals,BMD_41998,41998,Teknaf,no_major_inhomogeneity_signal,no_major_source_transition_signal,True,,retain_unadjusted,2026-06-24T15:25:06.577099+00:00
sensitivity_stable_only,Excludes high- and moderate-priority combined homogeneity signals,BMD_41859,41859,Rangpur,no_major_inhomogeneity_signal,no_major_source_transition_signal,True,,retain_unadjusted,2026-06-24T15:25:06.577099+00:00
sensitivity_stable_only,Excludes high- and moderate-priority combined homogeneity signals,BMD_41863,41863,Dinajpur,no_major_inhomogeneity_signal,no_major_source_transition_signal,True,,retain_unadjusted,2026-06-24T15:25:06.577099+00:00
sensitivity_stable_only,Excludes high- and moderate-priority combined homogeneity signals,BMD_41883,41883,Bogra,no_major_inhomogeneity_signal,no_major_source_transition_signal,True,,retain_unadjusted,2026-06-24T15:25:06.577099+00:00
sensitivity_stable_only,Excludes high- and moderate-priority combined homogeneity signals,BMD_41886,41886,Mymensingh,no_major_inhomogeneity_signal,no_major_source_transition_signal,True,,retain_unadjusted,2026-06-24T15:25:06.577099+00:00
sensitivity_stable_only,Excludes high- and moderate-priority combined homogeneity signals,BMD_41891,41891,Sylhet,no_major_inhomogeneity_signal,no_major_source_transition_signal,True,,retain_unadjusted,2026-06-24T15:25:06.577099+00:00
sensitivity_stable_only,Excludes high- and moderate-priority combined homogeneity signals,BMD_41895,41895,Rajshahi,no_major_inhomogeneity_signal,no_major_source_transition_signal,True,,retain_unadjusted,2026-06-24T15:25:06.577099+00:00
sensitivity_stable_only,Excludes high- and moderate-priority combined homogeneity signals,BMD_41907,41907,Ishurdi,no_major_inhomogeneity_signal,no_major_source_transition_signal,True,,retain_unadjusted,2026-06-24T15:25:06.577099+00:00
sensitivity_stable_only,Excludes high- and moderate-priority combined homogeneity signals,BMD_41915,41915,Srimangal,no_major_inhomogeneity_signal,no_major_source_transition_signal,True,,retain_unadjusted,2026-06-24T15:25:06.577099+00:00
sensitivity_stable_only,Excludes high- and moderate-priority combined homogeneity signals,BMD_41923,41923,Dhaka,no_major_inhomogeneity_signal,no_major_source_transition_signal,True,,retain_unadjusted,2026-06-24T15:25:06.577099+00:00
sensitivity_stable_only,Excludes high- and moderate-priority combined homogeneity signals,BMD_41929,41929,Faridpur,no_major_inhomogeneity_signal,no_major_source_transition_signal,True,,retain_unadjusted,2026-06-24T15:25:06.577099+00:00
sensitivity_stable_only,Excludes high- and moderate-priority combined homogeneity signals,BMD_41933,41933,Comilla,no_major_inhomogeneity_signal,no_major_source_transition_signal,True,,retain_unadjusted,2026-06-24T15:25:06.577099+00:00
sensitivity_stable_only,Excludes high- and moderate-priority combined homogeneity signals,BMD_41936,41936,Jessore,no_major_inhomogeneity_signal,no_major_source_transition_signal,True,,retain_unadjusted,2026-06-24T15:25:06.577099+00:00
sensitivity_stable_only,Excludes high- and moderate-priority combined homogeneity signals,BMD_41939,41939,Madaripur,no_major_inhomogeneity_signal,no_major_source_transition_signal,True,,retain_unadjusted,2026-06-24T15:25:06.577099+00:00
sensitivity_stable_only,Excludes high- and moderate-priority combined homogeneity signals,BMD_41941,41941,Chandpur,no_major_inhomogeneity_signal,no_major_source_transition_signal,True,,retain_unadjusted,2026-06-24T15:25:06.577099+00:00
sensitivity_stable_only,Excludes high- and moderate-priority combined homogeneity signals,BMD_41943,41943,Feni,no_major_inhomogeneity_signal,no_major_source_transition_signal,True,,retain_unadjusted,2026-06-24T15:25:06.577099+00:00
sensitivity_stable_only,Excludes high- and moderate-priority combined homogeneity signals,BMD_41946,41946,Satkhira,moderate_priority_homogeneity_review,moderate_source_transition_signal,False,combined_homogeneity_status=moderate_priority_homogeneity_review,retain_unadjusted,2026-06-24T15:25:06.577099+00:00
sensitivity_stable_only,Excludes high- and moderate-priority combined homogeneity signals,BMD_41947,41947,Khulna,no_major_inhomogeneity_signal,no_major_source_transition_signal,True,,retain_unadjusted,2026-06-24T15:25:06.577099+00:00
sensitivity_stable_only,Excludes high- and moderate-priority combined homogeneity signals,BMD_41950,41950,Barisal,no_major_inhomogeneity_signal,no_major_source_transition_signal,True,,retain_unadjusted,2026-06-24T15:25:06.577099+00:00
sensitivity_stable_only,Excludes high- and moderate-priority combined homogeneity signals,BMD_41951,41951,Bhola,no_major_inhomogeneity_signal,no_major_source_transition_signal,True,,retain_unadjusted,2026-06-24T15:25:06.577099+00:00
sensitivity_stable_only,Excludes high- and moderate-priority combined homogeneity signals,BMD_41960,41960,Patuakhali,no_major_inhomogeneity_signal,no_major_source_transition_signal,True,,retain_unadjusted,2026-06-24T15:25:06.577099+00:00
sensitivity_stable_only,Excludes high- and moderate-priority combined homogeneity signals,BMD_41965,41965,Sitakunda,no_major_inhomogeneity_signal,no_major_source_transition_signal,True,,retain_unadjusted,2026-06-24T15:25:06.577099+00:00
sensitivity_stable_only,Excludes high- and moderate-priority combined homogeneity signals,BMD_41966,41966,Rangamati,no_major_inhomogeneity_signal,no_major_source_transition_signal,True,,retain_unadjusted,2026-06-24T15:25:06.577099+00:00
sensitivity_stable_only,Excludes high- and moderate-priority combined homogeneity signals,BMD_41984,41984,Khepupara,no_major_inhomogeneity_signal,no_major_source_transition_signal,True,,retain_unadjusted,2026-06-24T15:25:06.577099+00:00
sensitivity_stable_only,Excludes high- and moderate-priority combined homogeneity signals,BMD_41989,41989,Kutubdia,no_major_inhomogeneity_signal,no_major_source_transition_signal,True,,retain_unadjusted,2026-06-24T15:25:06.577099+00:00
sensitivity_stable_only,Excludes high- and moderate-priority combined homogeneity signals,BMD_41992,41992,Coxs_Bazar,no_major_inhomogeneity_signal,no_major_source_transition_signal,True,,retain_unadjusted,2026-06-24T15:25:06.577099+00:00
sensitivity_stable_only,Excludes high- and moderate-priority combined homogeneity signals,BMD_41998,41998,Teknaf,no_major_inhomogeneity_signal,no_major_source_transition_signal,True,,retain_unadjusted,2026-06-24T15:25:06.577099+00:00
