station_uid,station_id,official_station_name,station_name_display,latitude,longitude,metadata_status,usable_for_spatial_analysis,study_winter_count,complete_winter_count,incomplete_winter_count,complete_winter_fraction,complete_winter_percent,longest_consecutive_complete_winters,first_winter_with_numeric_tmin,last_winter_with_numeric_tmin,first_complete_winter,last_complete_winter,mean_winter_completeness_percent,minimum_winter_completeness_percent,official_metadata_rule_pass,coordinate_rule_pass,completeness_rule_pass,fixed_network_eligible,fixed_network_exclusion_reason
BMD_41859,41859,Rangpur,Rangpur,25.733333333333,89.233333333333,official_metadata_available,True,40,40,0,1.0,100.0,40,1985/86,2024/25,1985/86,2024/25,99.97252655029297,98.9011001586914,True,True,True,True,
BMD_41863,41863,Dinajpur,Dinajpur,25.65,88.683333333333,official_metadata_available,True,40,40,0,1.0,100.0,40,1985/86,2024/25,1985/86,2024/25,99.94474792480469,98.88888549804688,True,True,True,True,
BMD_41883,41883,Bogra,Bogra,24.85,89.366666666667,official_metadata_available,True,40,40,0,1.0,100.0,40,1985/86,2024/25,1985/86,2024/25,99.94444274902344,98.88888549804688,True,True,True,True,
BMD_41886,41886,Mymensingh,Mymensingh,24.716666666667,90.433333333333,official_metadata_available,True,40,40,0,1.0,100.0,40,1985/86,2024/25,1985/86,2024/25,99.8617172241211,96.66666412353516,True,True,True,True,
BMD_41891,41891,Sylhet,Sylhet,24.9,91.883333333333,official_metadata_available,True,40,39,1,0.975,97.5,37,1985/86,2024/25,1985/86,2024/25,99.53296661376953,81.31867980957031,True,True,True,True,
BMD_41895,41895,Rajshahi,Rajshahi,24.366666666667,88.7,official_metadata_available,True,40,40,0,1.0,100.0,40,1985/86,2024/25,1985/86,2024/25,99.97222137451172,98.88888549804688,True,True,True,True,
BMD_41907,41907,Ishurdi,Ishurdi,24.133333333333,89.05,official_metadata_available,True,40,39,1,0.975,97.5,37,1985/86,2024/25,1985/86,2024/25,97.44413757324219,1.0989011526107788,True,True,True,True,
BMD_41915,41915,Srimangal,Srimangal,24.3,91.733333333333,official_metadata_available,True,40,40,0,1.0,100.0,40,1985/86,2024/25,1985/86,2024/25,100.0,100.0,True,True,True,True,
BMD_41923,41923,Dhaka,Dhaka,23.766666666667,90.383333333333,official_metadata_available,True,40,40,0,1.0,100.0,40,1985/86,2024/25,1985/86,2024/25,100.0,100.0,True,True,True,True,
BMD_41929,41929,Faridpur,Faridpur,23.6,89.85,official_metadata_available,True,40,39,1,0.975,97.5,21,1985/86,2024/25,1985/86,2024/25,99.77991485595703,93.4065933227539,True,True,True,True,
BMD_41933,41933,Comilla,Comilla,23.433333333333,91.183333333333,official_metadata_available,True,40,40,0,1.0,100.0,40,1985/86,2024/25,1985/86,2024/25,99.94474792480469,98.88888549804688,True,True,True,True,
BMD_41936,41936,Jessore,Jessore,23.183333333333,89.166666666667,official_metadata_available,True,40,39,1,0.975,97.5,39,1985/86,2024/25,1986/87,2024/25,98.38919830322266,42.22222137451172,True,True,True,True,
BMD_41939,41939,Madaripur,Madaripur,23.166666666667,90.183333333333,official_metadata_available,True,40,38,2,0.95,95.0,25,1985/86,2024/25,1985/86,2024/25,97.22038269042969,6.593406677246094,True,True,True,True,
BMD_41941,41941,Chandpur,Chandpur,23.266666666667,90.7,official_metadata_available,True,40,39,1,0.975,97.5,26,1985/86,2024/25,1985/86,2024/25,99.58333587646484,83.33333587646484,True,True,True,True,
BMD_41943,41943,Feni,Feni,23.033333333333,91.416666666667,official_metadata_available,True,40,40,0,1.0,100.0,40,1985/86,2024/25,1985/86,2024/25,100.0,100.0,True,True,True,True,
BMD_41946,41946,Satkhira,Satkhira,22.716666666667,89.083333333333,official_metadata_available,True,40,40,0,1.0,100.0,40,1985/86,2024/25,1985/86,2024/25,100.0,100.0,True,True,True,True,
BMD_41947,41947,Khulna,Khulna,22.783333333333,89.533333333333,official_metadata_available,True,40,40,0,1.0,100.0,40,1985/86,2024/25,1985/86,2024/25,99.97222137451172,98.88888549804688,True,True,True,True,
BMD_41950,41950,Barisal,Barisal,22.75,90.366666666667,official_metadata_available,True,40,40,0,1.0,100.0,40,1985/86,2024/25,1985/86,2024/25,99.97252655029297,98.9011001586914,True,True,True,True,
BMD_41951,41951,Bhola,Bhola,22.683333333333,90.65,official_metadata_available,True,40,40,0,1.0,100.0,40,1985/86,2024/25,1985/86,2024/25,99.8611068725586,97.77777862548828,True,True,True,True,
BMD_41960,41960,Patuakhali,Patuakhali,22.333333333333,90.333333333333,official_metadata_available,True,40,40,0,1.0,100.0,40,1985/86,2024/25,1985/86,2024/25,99.97222137451172,98.88888549804688,True,True,True,True,
BMD_41965,41965,Sitakunda,Sitakunda,22.583333333333,91.7,official_metadata_available,True,40,39,1,0.975,97.5,23,1985/86,2024/25,1985/86,2024/25,99.52777862548828,82.22222137451172,True,True,True,True,
BMD_41966,41966,Rangamati,Rangamati,22.533333333333,92.2,official_metadata_available,True,40,38,2,0.95,95.0,20,1985/86,2024/25,1985/86,2024/25,97.02777862548828,34.44444274902344,True,True,True,True,
BMD_41984,41984,Khepupara,Khepupara,21.983333333333,90.233333333333,official_metadata_available,True,40,40,0,1.0,100.0,40,1985/86,2024/25,1985/86,2024/25,100.0,100.0,True,True,True,True,
BMD_41989,41989,Kutubdia,Kutubdia,21.816666666667,91.85,official_metadata_available,True,40,39,1,0.975,97.5,22,1985/86,2024/25,1985/86,2024/25,99.06501770019531,65.93406677246094,True,True,True,True,
BMD_41992,41992,Coxs_Bazar,Coxs_Bazar,21.45,91.966666666667,official_metadata_available,True,40,39,1,0.975,97.5,39,1985/86,2024/25,1986/87,2024/25,99.69444274902344,93.33333587646484,True,True,True,True,
BMD_41998,41998,Teknaf,Teknaf,20.866666666667,92.3,official_metadata_available,True,40,38,2,0.95,95.0,33,1985/86,2024/25,1985/86,2023/24,98.97222137451172,67.77777862548828,True,True,True,True,
