station_uid,station_id,official_station_name,station_name_display,latitude,longitude,metadata_status,usable_for_spatial_analysis,study_winter_count,complete_winter_count,incomplete_winter_count,complete_winter_fraction,complete_winter_percent,longest_consecutive_complete_winters,first_winter_with_numeric_tmin,last_winter_with_numeric_tmin,first_complete_winter,last_complete_winter,mean_winter_completeness_percent,minimum_winter_completeness_percent,official_metadata_rule_pass,coordinate_rule_pass,completeness_rule_pass,fixed_network_eligible,fixed_network_exclusion_reason,source_transition_status,all_month_median_shift_post_minus_pre,all_month_standardized_shift,djf_median_shift_post_minus_pre,djf_standardized_shift,variance_shift_flag,best_break_after_year,break_shift_right_minus_left,standardized_break_shift,break_classification,combined_homogeneity_status,recommended_step6c_action,automatic_adjustment_applied,automatic_station_exclusion_applied,primary_temperature_treatment,homogeneity_adjustment_applied,network_freeze_timestamp_utc,member_primary_all_fixed_unadjusted,member_sensitivity_exclude_high,member_sensitivity_stable_only,member_sensitivity_no_source_transition
BMD_41859,41859,Rangpur,Rangpur,25.733333333333,89.233333333333,official_metadata_available,True,40,40,0,1.0,100.0,40,1985/86,2024/25,1985/86,2024/25,99.97252655029295,98.9011001586914,True,True,True,True,,no_major_source_transition_signal,0.0500001907348632,0.1000003814697265,0.0750002861022949,0.1348986664909302,False,1990,0.3374990224838257,0.6749980449676514,no_major_shift_signal,no_major_inhomogeneity_signal,retain_unadjusted in analytical network,False,False,retain_unadjusted,False,2026-06-24T15:25:06.577099+00:00,True,True,True,True
BMD_41863,41863,Dinajpur,Dinajpur,25.65,88.683333333333,official_metadata_available,True,40,40,0,1.0,100.0,40,1985/86,2024/25,1985/86,2024/25,99.94474792480467,98.88888549804688,True,True,True,True,,no_major_source_transition_signal,0.0749998092651367,0.1499996185302734,-0.2499995231628418,-0.4215558201104899,False,1997,0.3062499761581421,0.6124999523162842,no_major_shift_signal,no_major_inhomogeneity_signal,retain_unadjusted in analytical network,False,False,retain_unadjusted,False,2026-06-24T15:25:06.577099+00:00,True,True,True,True
BMD_41883,41883,Bogra,Bogra,24.85,89.366666666667,official_metadata_available,True,40,40,0,1.0,100.0,40,1985/86,2024/25,1985/86,2024/25,99.94444274902344,98.88888549804688,True,True,True,True,,no_major_source_transition_signal,-0.1499996185302734,-0.2999992370605469,-0.649999737739563,-1.0960438407829782,False,1992,0.2937508821487427,0.5875017642974854,no_major_shift_signal,no_major_inhomogeneity_signal,retain_unadjusted in analytical network,False,False,retain_unadjusted,False,2026-06-24T15:25:06.577099+00:00,True,True,True,True
BMD_41886,41886,Mymensingh,Mymensingh,24.716666666667,90.433333333333,official_metadata_available,True,40,40,0,1.0,100.0,40,1985/86,2024/25,1985/86,2024/25,99.8617172241211,96.66666412353516,True,True,True,True,,no_major_source_transition_signal,-0.0374996662139892,-0.0749993324279785,-0.4624999761581421,-0.7798806441941714,False,1993,-0.1374998092651367,-0.2749996185302734,no_major_shift_signal,no_major_inhomogeneity_signal,retain_unadjusted in analytical network,False,False,retain_unadjusted,False,2026-06-24T15:25:06.577099+00:00,True,True,True,True
BMD_41891,41891,Sylhet,Sylhet,24.9,91.883333333333,official_metadata_available,True,40,39,1,0.975,97.5,37,1985/86,2024/25,1985/86,2024/25,99.53296661376952,81.31867980957031,True,True,True,True,,no_major_source_transition_signal,-0.1499998569488525,-0.2529340348037232,0.1374996900558471,0.2005236314320047,False,1992,0.524998664855957,1.049997329711914,no_major_shift_signal,no_major_inhomogeneity_signal,retain_unadjusted in analytical network,False,False,retain_unadjusted,False,2026-06-24T15:25:06.577099+00:00,True,True,True,True
BMD_41895,41895,Rajshahi,Rajshahi,24.366666666667,88.7,official_metadata_available,True,40,40,0,1.0,100.0,40,1985/86,2024/25,1985/86,2024/25,99.97222137451172,98.88888549804688,True,True,True,True,,no_major_source_transition_signal,-0.0500009059906005,-0.1000018119812011,-0.1250004768371582,-0.2500009536743164,False,1992,0.1999998092651367,0.3999996185302734,no_major_shift_signal,no_major_inhomogeneity_signal,retain_unadjusted in analytical network,False,False,retain_unadjusted,False,2026-06-24T15:25:06.577099+00:00,True,True,True,True
BMD_41907,41907,Ishurdi,Ishurdi,24.133333333333,89.05,official_metadata_available,True,40,39,1,0.975,97.5,37,1985/86,2024/25,1985/86,2024/25,97.4441375732422,1.0989011526107788,True,True,True,True,,no_major_source_transition_signal,-0.1124999523162841,-0.2249999046325683,-0.4499998092651367,-0.8672034552381785,False,1996,0.2124989032745361,0.4249978065490722,no_major_shift_signal,no_major_inhomogeneity_signal,retain_unadjusted in analytical network,False,False,retain_unadjusted,False,2026-06-24T15:25:06.577099+00:00,True,True,True,True
BMD_41915,41915,Srimangal,Srimangal,24.3,91.733333333333,official_metadata_available,True,40,40,0,1.0,100.0,40,1985/86,2024/25,1985/86,2024/25,100.0,100.0,True,True,True,True,,no_major_source_transition_signal,0.1750006675720214,0.3500013351440429,0.1749987602233886,0.3046070968715133,False,2015,0.2250010967254638,0.4500021934509277,no_major_shift_signal,no_major_inhomogeneity_signal,retain_unadjusted in analytical network,False,False,retain_unadjusted,False,2026-06-24T15:25:06.577099+00:00,True,True,True,True
BMD_41923,41923,Dhaka,Dhaka,23.766666666667,90.383333333333,official_metadata_available,True,40,40,0,1.0,100.0,40,1985/86,2024/25,1985/86,2024/25,100.0,100.0,True,True,True,True,,no_major_source_transition_signal,0.1500005722045898,0.2997754709082291,-0.0500006675720214,-0.1000013351440429,False,2015,0.4874987602233886,0.9749975204467772,no_major_shift_signal,no_major_inhomogeneity_signal,retain_unadjusted in analytical network,False,False,retain_unadjusted,False,2026-06-24T15:25:06.577099+00:00,True,True,True,True
BMD_41929,41929,Faridpur,Faridpur,23.6,89.85,official_metadata_available,True,40,39,1,0.975,97.5,21,1985/86,2024/25,1985/86,2024/25,99.77991485595705,93.4065933227539,True,True,True,True,,no_major_source_transition_signal,0.0375005006790161,0.0750010013580322,-0.2999997138977051,-0.5999994277954102,False,2011,-0.1000006198883056,-0.2000012397766113,no_major_shift_signal,no_major_inhomogeneity_signal,retain_unadjusted in analytical network,False,False,retain_unadjusted,False,2026-06-24T15:25:06.577099+00:00,True,True,True,True
BMD_41933,41933,Comilla,Comilla,23.433333333333,91.183333333333,official_metadata_available,True,40,40,0,1.0,100.0,40,1985/86,2024/25,1985/86,2024/25,99.94474792480467,98.88888549804688,True,True,True,True,,no_major_source_transition_signal,-4.76837158203125e-07,-9.5367431640625e-07,-0.0749988555908203,-0.1264649067588194,False,2009,0.2750009298324585,0.550001859664917,no_major_shift_signal,no_major_inhomogeneity_signal,retain_unadjusted in analytical network,False,False,retain_unadjusted,False,2026-06-24T15:25:06.577099+00:00,True,True,True,True
BMD_41936,41936,Jessore,Jessore,23.183333333333,89.166666666667,official_metadata_available,True,40,39,1,0.975,97.5,39,1985/86,2024/25,1986/87,2024/25,98.38919830322266,42.22222137451172,True,True,True,True,,no_major_source_transition_signal,0.1000003814697265,0.1927123019364262,0.3375006914138794,0.6750013828277588,False,2002,-0.2749985456466675,-0.549997091293335,no_major_shift_signal,no_major_inhomogeneity_signal,retain_unadjusted in analytical network,False,False,retain_unadjusted,False,2026-06-24T15:25:06.577099+00:00,True,True,True,True
BMD_41939,41939,Madaripur,Madaripur,23.166666666667,90.183333333333,official_metadata_available,True,40,38,2,0.95,95.0,25,1985/86,2024/25,1985/86,2024/25,97.22038269042967,6.593406677246094,True,True,True,True,,no_major_source_transition_signal,0.0999994277954101,0.1999988555908203,-0.2999982833862304,-0.5999965667724609,False,2008,-0.5,-1.0,no_major_shift_signal,no_major_inhomogeneity_signal,retain_unadjusted in analytical network,False,False,retain_unadjusted,False,2026-06-24T15:25:06.577099+00:00,True,True,True,True
BMD_41941,41941,Chandpur,Chandpur,23.266666666667,90.7,official_metadata_available,True,40,39,1,0.975,97.5,26,1985/86,2024/25,1985/86,2024/25,99.58333587646484,83.33333587646484,True,True,True,True,,no_major_source_transition_signal,0.0250000953674316,0.0500001907348632,-0.1000003814697265,-0.2000007629394531,False,1990,0.3249993324279785,0.649998664855957,no_major_shift_signal,no_major_inhomogeneity_signal,retain_unadjusted in analytical network,False,False,retain_unadjusted,False,2026-06-24T15:25:06.577099+00:00,True,True,True,True
BMD_41943,41943,Feni,Feni,23.033333333333,91.416666666667,official_metadata_available,True,40,40,0,1.0,100.0,40,1985/86,2024/25,1985/86,2024/25,100.0,100.0,True,True,True,True,,no_major_source_transition_signal,-0.1250009536743164,-0.2500019073486328,-0.325000524520874,-0.5480244958767188,False,2015,-0.3125,-0.625,no_major_shift_signal,no_major_inhomogeneity_signal,retain_unadjusted in analytical network,False,False,retain_unadjusted,False,2026-06-24T15:25:06.577099+00:00,True,True,True,True
BMD_41946,41946,Satkhira,Satkhira,22.716666666667,89.083333333333,official_metadata_available,True,40,40,0,1.0,100.0,40,1985/86,2024/25,1985/86,2024/25,100.0,100.0,True,True,True,True,,moderate_source_transition_signal,0.0624997615814209,0.1249995231628418,0.6875007152557373,1.0026248198437089,True,2014,0.2999987602233886,0.5999975204467773,no_major_shift_signal,moderate_priority_homogeneity_review,retain_unadjusted; inspect residual series and test sensitivity,False,False,retain_unadjusted,False,2026-06-24T15:25:06.577099+00:00,True,True,False,False
BMD_41947,41947,Khulna,Khulna,22.783333333333,89.533333333333,official_metadata_available,True,40,40,0,1.0,100.0,40,1985/86,2024/25,1985/86,2024/25,99.97222137451172,98.88888549804688,True,True,True,True,,no_major_source_transition_signal,0.1375010013580322,0.2750020027160644,0.3750009536743164,0.5620773005688317,False,2003,0.4124993085861206,0.8249986171722412,no_major_shift_signal,no_major_inhomogeneity_signal,retain_unadjusted in analytical network,False,False,retain_unadjusted,False,2026-06-24T15:25:06.577099+00:00,True,True,True,True
BMD_41950,41950,Barisal,Barisal,22.75,90.366666666667,official_metadata_available,True,40,40,0,1.0,100.0,40,1985/86,2024/25,1985/86,2024/25,99.97252655029295,98.9011001586914,True,True,True,True,,no_major_source_transition_signal,0.1500005722045898,0.3000011444091797,0.8000006675720215,1.3489823230086413,False,2001,0.325000524520874,0.650001049041748,no_major_shift_signal,no_major_inhomogeneity_signal,retain_unadjusted in analytical network,False,False,retain_unadjusted,False,2026-06-24T15:25:06.577099+00:00,True,True,True,True
BMD_41951,41951,Bhola,Bhola,22.683333333333,90.65,official_metadata_available,True,40,40,0,1.0,100.0,40,1985/86,2024/25,1985/86,2024/25,99.8611068725586,97.77777862548828,True,True,True,True,,no_major_source_transition_signal,-0.0625002384185791,-0.1250004768371582,0.3249998092651367,0.6047163734271762,False,1993,-0.1937500238418579,-0.3875000476837158,no_major_shift_signal,no_major_inhomogeneity_signal,retain_unadjusted in analytical network,False,False,retain_unadjusted,False,2026-06-24T15:25:06.577099+00:00,True,True,True,True
BMD_41960,41960,Patuakhali,Patuakhali,22.333333333333,90.333333333333,official_metadata_available,True,40,40,0,1.0,100.0,40,1985/86,2024/25,1985/86,2024/25,99.97222137451172,98.88888549804688,True,True,True,True,,no_major_source_transition_signal,-0.0250000953674316,-0.0500001907348632,0.2000000476837158,0.4000000953674316,False,1994,-0.4687504768371582,-0.9375009536743164,no_major_shift_signal,no_major_inhomogeneity_signal,retain_unadjusted in analytical network,False,False,retain_unadjusted,False,2026-06-24T15:25:06.577099+00:00,True,True,True,True
BMD_41965,41965,Sitakunda,Sitakunda,22.583333333333,91.7,official_metadata_available,True,40,39,1,0.975,97.5,23,1985/86,2024/25,1985/86,2024/25,99.52777862548828,82.22222137451172,True,True,True,True,,no_major_source_transition_signal,-0.2999992370605469,-0.5999984741210938,0.1000003814697265,0.149887629569451,False,1993,-0.5749990940093994,-1.1499981880187988,no_major_shift_signal,no_major_inhomogeneity_signal,retain_unadjusted in analytical network,False,False,retain_unadjusted,False,2026-06-24T15:25:06.577099+00:00,True,True,True,True
BMD_41966,41966,Rangamati,Rangamati,22.533333333333,92.2,official_metadata_available,True,40,38,2,0.95,95.0,20,1985/86,2024/25,1985/86,2024/25,97.02777862548828,34.44444274902344,True,True,True,True,,no_major_source_transition_signal,-0.149998664855957,-0.299997329711914,-0.0999996662139892,-0.1860655750659243,False,1991,-0.5499999523162842,-1.0999999046325684,no_major_shift_signal,no_major_inhomogeneity_signal,retain_unadjusted in analytical network,False,False,retain_unadjusted,False,2026-06-24T15:25:06.577099+00:00,True,True,True,True
BMD_41984,41984,Khepupara,Khepupara,21.983333333333,90.233333333333,official_metadata_available,True,40,40,0,1.0,100.0,40,1985/86,2024/25,1985/86,2024/25,100.0,100.0,True,True,True,True,,no_major_source_transition_signal,-0.125,-0.25,-0.0249996185302734,-0.0449653930925184,False,2003,-0.5187505483627319,-1.037501096725464,no_major_shift_signal,no_major_inhomogeneity_signal,retain_unadjusted in analytical network,False,False,retain_unadjusted,False,2026-06-24T15:25:06.577099+00:00,True,True,True,True
BMD_41989,41989,Kutubdia,Kutubdia,21.816666666667,91.85,official_metadata_available,True,40,39,1,0.975,97.5,22,1985/86,2024/25,1985/86,2024/25,99.06501770019533,65.93406677246094,True,True,True,True,,no_major_source_transition_signal,-0.4250006675720215,-0.850001335144043,-0.2000007629394531,-0.4000015258789062,False,2015,-0.3124995231628418,-0.6249990463256836,no_major_shift_signal,no_major_inhomogeneity_signal,retain_unadjusted in analytical network,False,False,retain_unadjusted,False,2026-06-24T15:25:06.577099+00:00,True,True,True,True
BMD_41992,41992,Coxs_Bazar,Coxs_Bazar,21.45,91.966666666667,official_metadata_available,True,40,39,1,0.975,97.5,39,1985/86,2024/25,1986/87,2024/25,99.69444274902344,93.33333587646484,True,True,True,True,,no_major_source_transition_signal,0.1250004768371582,0.2500009536743164,0.1500005722045898,0.2529349393661053,False,1998,-0.1062489748001098,-0.2124979496002197,no_major_shift_signal,no_major_inhomogeneity_signal,retain_unadjusted in analytical network,False,False,retain_unadjusted,False,2026-06-24T15:25:06.577099+00:00,True,True,True,True
BMD_41998,41998,Teknaf,Teknaf,20.866666666667,92.3,official_metadata_available,True,40,38,2,0.95,95.0,33,1985/86,2024/25,1985/86,2023/24,98.97222137451172,67.77777862548828,True,True,True,True,,no_major_source_transition_signal,0.2499995231628418,0.2810371017329091,0.1999993324279785,0.3174074607396262,False,2002,-0.2500019073486328,-0.5000038146972656,no_major_shift_signal,no_major_inhomogeneity_signal,retain_unadjusted in analytical network,False,False,retain_unadjusted,False,2026-06-24T15:25:06.577099+00:00,True,True,True,True
