ssw_id,central_date,winter_label,u60_10_central_ms,minimum_u60_first10_ms,easterly_run_days,nam10_central,nam100_central,pre10_nam10_mean
SSW_19870123,1987-01-23,1986/87,-7.144961833953857,-13.12393856048584,5,-1.7106429970097672,-1.0494531075768914,-0.879633059359438
SSW_19871208,1987-12-08,1987/88,-1.7567362785339355,-17.635311126708984,9,-4.3755616772617065,-1.864227842607327,-2.967098331493223
SSW_19880314,1988-03-14,1987/88,-0.7968342900276184,-3.737130880355835,3,-1.6866555916108783,-0.3019099371005399,-0.6943044549634221
SSW_19890221,1989-02-21,1988/89,-2.1922624111175537,-13.739351272583008,9,-1.972485073832628,0.3600798932284444,-0.6798844780872773
SSW_19981215,1998-12-15,1998/99,-2.1520228385925293,-23.58046531677246,7,-3.029379889506887,-0.5694260667772493,-1.3967398949506125
SSW_19990226,1999-02-26,1998/99,-5.138564109802246,-17.49794578552246,21,-1.664749057311527,-0.5238238744364949,-0.29859671667094356
SSW_20000320,2000-03-20,1999/00,-2.4140634536743164,-3.2481279373168945,3,-1.1332520553278018,-0.0230795427650997,-0.6157942482483624
SSW_20010211,2001-02-11,2000/01,-0.7313147783279419,-12.296744346618652,14,-1.4198606565889489,-0.573793658788084,-1.0734603699703398
SSW_20011230,2001-12-30,2001/02,-0.4366547167301178,-2.2268471717834477,4,-2.246561078579682,-1.327803847553278,-1.8370558134230999
SSW_20020217,2002-02-17,2001/02,-0.4018012285232544,-0.4018012285232544,2,-0.9826358356407568,0.5689771972309595,-0.20155896021196848
SSW_20030118,2003-01-18,2002/03,-1.7894513607025146,-1.7894513607025146,1,-1.6307592629419785,-0.6122901367373557,-0.6632957017332819
SSW_20040105,2004-01-05,2003/04,-1.38023841381073,-14.690394401550291,10,-1.9973486516624277,-1.7237239734197196,-1.5224883080824667
SSW_20060121,2006-01-21,2005/06,-6.711375713348389,-25.29111671447754,20,-1.7222649422084506,-1.2083384984819523,-1.3145771935927075
SSW_20070224,2007-02-24,2006/07,-2.60806941986084,-8.526079177856445,4,-1.2521387988030772,-0.7053707018864254,0.13140838354503284
SSW_20080222,2008-02-22,2007/08,-2.9762284755706787,-13.993609428405762,7,-1.4477296390525878,-0.0814630445250862,-0.55952303513292
SSW_20090124,2009-01-24,2008/09,-2.3003742694854736,-28.933040618896484,30,-1.9794135758383309,-0.9270867237446504,-0.2534533751187319
SSW_20100209,2010-02-09,2009/10,-3.6612586975097656,-7.149898052215576,3,-1.6529617061685975,-1.8635359051879787,-1.4817253003373154
SSW_20100324,2010-03-24,2009/10,-2.4035184383392334,-2.968623161315918,3,-0.9625759920191876,-1.1349085236261207,-0.517382860181378
SSW_20130106,2013-01-06,2012/13,-0.0730014368891716,-8.581055641174316,4,-1.5493595880176896,-1.299359735733416,-0.5538961465232554
SSW_20180212,2018-02-12,2017/18,-12.017436981201172,-23.868427276611328,17,-1.8948508538745128,-0.8930853419452336,0.17434925872647764
SSW_20190101,2019-01-01,2018/19,-0.2819052934646606,-10.194719314575195,21,-2.299424298730576,-0.8115623396954209,-1.8190212279450848
SSW_20210105,2021-01-05,2020/21,-2.710659503936768,-9.44341278076172,5,-1.7500511340706613,-1.1941773336112569,-0.8535380968497924
SSW_20230216,2023-02-16,2022/23,-4.994634628295898,-13.245983123779297,6,-1.6004685850392857,0.0916229769381621,-0.4572534966331455
SSW_20240116,2024-01-16,2023/24,-1.0557013750076294,-1.0557013750076294,2,-1.514969212401188,-2.26052370802864,-1.1136706453915621
SSW_20240304,2024-03-04,2023/24,-0.6030258536338806,-18.405357360839844,21,-2.095781901713204,-2.036303735971824,-1.1445493245608265
