winter_start_year,djf_oni,enso_phase,cold_spell_days,cold_spells,mean_nam_proxy_10,mean_nam_proxy_100
1985,-0.4000,neutral,13.0000,3.0000,0.3728,-0.0736
1986,1.1800,el_nino,3.0000,1.0000,-0.6103,-0.0672
1987,0.6300,el_nino,0.0000,0.0000,-0.1807,-0.3266
1988,-1.6400,la_nina,25.0000,4.0000,0.5347,1.2710
1989,0.1800,neutral,28.0000,3.0000,0.4042,0.7717
1990,0.3500,neutral,7.0000,1.0000,-0.0880,0.1968
1991,1.5400,el_nino,19.0000,4.0000,-0.0846,0.6359
1992,0.1300,neutral,29.0000,3.0000,0.6707,1.3040
1993,0.0700,neutral,4.0000,1.0000,-0.0816,-0.0226
1994,0.8800,el_nino,25.0000,4.0000,0.3477,0.7124
1995,-0.8800,la_nina,9.0000,3.0000,0.9571,0.7865
1996,-0.4100,neutral,28.0000,5.0000,0.3623,-0.0482
1997,2.2200,el_nino,8.0000,2.0000,-0.5428,-0.2142
1998,-1.5100,la_nina,0.0000,0.0000,-0.5042,-0.3298
1999,-1.4700,la_nina,15.0000,4.0000,0.9139,1.0137
2000,-0.7600,la_nina,24.0000,5.0000,-0.7400,-0.7007
2001,-0.1500,neutral,5.0000,1.0000,-0.6856,-0.3036
2002,0.9000,el_nino,7.0000,1.0000,-0.3047,-0.1903
2003,0.3400,neutral,6.0000,1.0000,-0.7193,-0.9362
2004,0.6200,el_nino,5.0000,1.0000,0.9550,0.7489
2005,-0.8600,la_nina,0.0000,0.0000,-0.7531,-1.0241
2006,0.6200,el_nino,16.0000,4.0000,0.3134,0.6960
2007,-1.7600,la_nina,12.0000,3.0000,0.2708,0.4212
2008,-0.8900,la_nina,0.0000,0.0000,-0.6660,-0.6305
2009,1.4700,el_nino,7.0000,1.0000,-0.5676,-1.0862
2010,-1.2900,la_nina,17.0000,4.0000,0.5159,0.0088
2011,-0.7100,la_nina,18.0000,4.0000,0.1059,0.3294
2012,-0.2400,neutral,25.0000,4.0000,-0.6082,-1.1376
2013,-0.2400,neutral,8.0000,2.0000,0.5292,0.2392
2014,0.7300,el_nino,3.0000,1.0000,0.0179,0.2320
2015,2.5000,el_nino,11.0000,3.0000,0.9305,0.6574
2016,-0.0800,neutral,3.0000,1.0000,-0.1536,-0.2605
2017,-0.7100,la_nina,10.0000,2.0000,-0.2795,-0.6497
2018,0.9900,el_nino,8.0000,2.0000,-0.6803,-0.7974
2019,0.7100,el_nino,5.0000,1.0000,0.6166,0.6502
2020,-0.9900,la_nina,8.0000,2.0000,-0.3465,-0.7233
2021,-0.7600,la_nina,16.0000,3.0000,1.0574,0.7511
2022,-0.5500,la_nina,0.0000,0.0000,0.0420,-0.1239
2023,1.8400,el_nino,0.0000,0.0000,-0.5053,-0.3063
2024,-0.4600,neutral,3.0000,1.0000,1.1098,0.5535
