align,group,lag,nat_tmin_anom_mean,nat_tmin_anom_count,nat_tmax_anom_mean,nat_tmax_anom_count,nat_dtr_anom_mean,nat_dtr_anom_count,era5_bd_t2m_anom_mean,era5_bd_t2m_anom_count,era5_bd_t850_anom_mean,era5_bd_t850_anom_count,era5_bd_stab_t2m_minus_t850_anom_mean,era5_bd_stab_t2m_minus_t850_anom_count,era5_bd_thick_1000_500_anom_mean,era5_bd_thick_1000_500_anom_count,era5_bd_z500_anom_mean,era5_bd_z500_anom_count,era5_bd_mslp_anom_mean,era5_bd_mslp_anom_count,era5_bd_u850_anom_mean,era5_bd_u850_anom_count,era5_bd_v850_anom_mean,era5_bd_v850_anom_count,era5_bd_wspd10_anom_mean,era5_bd_wspd10_anom_count,era5_sa_t850_anom_mean,era5_sa_t850_anom_count,era5_sa_stab_t2m_minus_t850_anom_mean,era5_sa_stab_t2m_minus_t850_anom_count,era5_sa_z500_anom_mean,era5_sa_z500_anom_count,era5_sa_mslp_anom_mean,era5_sa_mslp_anom_count,era5_sa_u850_anom_mean,era5_sa_u850_anom_count,era5_sa_v850_anom_mean,era5_sa_v850_anom_count
end,intermediate,-5,-0.2697,28,-1.4439,28,-1.1726,28,-0.5451,28,-0.6953,28,0.1501,28,-19.4958,28,-24.0092,28,-0.4992,28,1.2192,28,0.6009,28,0.1259,28,-1.2448,28,0.1654,28,-23.2657,28,-0.3878,28,0.6385,28,-0.1529,28
end,intermediate,-4,-1.8494,29,-2.0677,29,-0.2164,29,-1.4044,29,-1.7911,29,0.3868,29,-27.3289,29,-28.7898,29,-0.1061,29,1.2168,29,-0.3203,29,0.2839,29,-1.2966,29,-0.1973,29,-19.7836,29,-0.0861,29,0.6365,29,-0.3370,29
end,intermediate,-3,-3.0287,29,-2.0743,29,0.9568,29,-2.2280,29,-1.9235,29,-0.3045,29,-26.2920,29,-24.3000,29,0.3245,29,0.2062,29,-0.9405,29,0.2601,29,-1.1598,29,-0.4350,29,-15.8375,29,-0.0096,29,0.4578,29,-0.3266,29
end,intermediate,-2,-2.9716,29,-1.8748,29,1.1023,29,-2.2515,29,-1.7088,29,-0.5427,29,-16.2824,29,-13.7442,29,0.3857,29,0.1302,29,-1.1021,29,0.1595,29,-0.7934,29,-0.5537,29,-7.7956,29,0.0406,29,0.3849,29,-0.3748,29
end,intermediate,-1,-2.7818,29,-1.0758,29,1.7050,29,-2.1097,29,-1.3123,29,-0.7974,29,-4.0388,29,-0.6380,29,0.4641,29,-0.3356,29,-1.0262,29,0.0539,29,-0.4078,29,-0.6076,29,-2.3392,29,-0.0130,29,0.2714,29,-0.2752,29
end,intermediate,0,-2.1714,29,-0.1905,29,1.9798,29,-1.7395,29,-0.8330,29,-0.9065,29,4.6868,29,5.2243,29,0.1022,29,-0.6444,29,-0.5348,29,-0.0395,29,-0.2177,29,-0.3943,29,-3.5374,29,-0.4378,29,0.0438,29,-0.0242,29
end,intermediate,1,-0.9952,28,0.2082,28,1.2015,28,-1.0623,28,-0.4694,28,-0.5929,28,5.8597,28,5.6566,28,-0.0060,28,-0.7027,28,-0.0936,28,-0.0191,28,-0.2044,28,-0.2996,28,-2.0440,28,-0.1993,28,-0.1376,28,-0.0839,28
end,intermediate,2,-0.5459,27,0.2340,27,0.7787,27,-0.6269,27,-0.1917,27,-0.4352,27,5.3649,27,3.2766,27,-0.2344,27,-0.3441,27,-0.0963,27,0.0695,27,-0.1505,27,-0.3645,27,-3.5192,27,-0.2987,27,-0.0414,27,-0.0339,27
end,intermediate,3,-0.4518,27,0.2359,27,0.6881,27,-0.4697,27,-0.3421,27,-0.1276,27,2.3814,27,1.2230,27,-0.1331,27,-0.0458,27,-0.2957,27,-0.0567,27,-0.1126,27,-0.2590,27,-3.0587,27,-0.3396,27,-0.1103,27,0.0419,27
end,intermediate,4,-0.6279,26,0.5854,26,1.2131,26,-0.5408,26,-0.1737,26,-0.3672,26,1.9456,26,2.3168,26,0.0502,26,0.4008,26,-0.5012,26,0.0488,26,-0.0906,26,-0.2120,26,0.7302,26,-0.0461,26,-0.0519,26,-0.0409,26
end,intermediate,5,-0.7138,26,0.7972,26,1.5117,26,-0.5710,26,0.0226,26,-0.5936,26,7.5671,26,10.3669,26,0.3349,26,0.0187,26,-0.5887,26,0.0522,26,0.0569,26,-0.3628,26,4.9568,26,0.1308,26,-0.0306,26,0.1742,26
end,persistent,-5,-3.1147,26,-2.0958,26,1.0189,26,-2.3264,26,-1.6427,26,-0.6837,26,-11.6062,26,-12.6038,26,-0.0228,26,0.5930,26,-0.7890,26,0.3193,26,-0.9068,26,-0.6320,26,-11.8449,26,-0.4741,26,0.5083,26,-0.4371,26
end,persistent,-4,-3.2150,26,-1.9625,26,1.2519,26,-2.6114,26,-1.5663,26,-1.0450,26,-11.2089,26,-11.7189,26,0.0365,26,0.3668,26,-1.0168,26,0.2099,26,-0.7547,26,-0.8478,26,-7.2878,26,-0.0946,26,0.5138,26,-0.5558,26
end,persistent,-3,-3.2177,26,-1.6086,26,1.6085,26,-2.4426,26,-1.2543,26,-1.1882,26,-8.3165,26,-5.9933,26,0.3648,26,0.3765,26,-1.1888,26,0.1680,26,-0.4551,26,-0.8822,26,-1.5048,26,0.1678,26,0.3264,26,-0.4991,26
end,persistent,-2,-2.8842,26,-1.1691,26,1.7188,26,-2.2597,26,-1.1417,26,-1.1180,26,-1.7004,26,0.3815,26,0.3179,26,0.3576,26,-0.9805,26,0.0717,26,-0.1523,26,-0.9771,26,5.6619,26,0.3392,26,0.3483,26,-0.6847,26
end,persistent,-1,-2.6066,26,-0.8316,26,1.7767,26,-1.9630,26,-1.3809,26,-0.5821,26,2.0030,26,3.6982,26,0.2507,26,-0.0369,26,-1.1476,26,-0.0017,26,0.0176,26,-0.9040,26,7.1292,26,0.1141,26,0.3695,26,-0.4495,26
end,persistent,0,-2.2790,26,-0.2907,26,1.9883,26,-1.8680,26,-1.0642,26,-0.8038,26,0.9654,26,0.8822,26,0.0252,26,-0.2888,26,-0.9568,26,-0.1306,26,0.0695,26,-0.6347,26,3.8011,26,-0.1116,26,0.3870,26,-0.4580,26
end,persistent,1,-1.2724,26,-0.4025,26,0.8700,26,-1.1815,26,-0.9507,26,-0.2308,26,-7.1077,26,-7.2210,26,0.0060,26,-0.1227,26,-0.2456,26,-0.1148,26,-0.1056,26,-0.4031,26,-0.2202,26,0.1009,26,0.2603,26,-0.3130,26
end,persistent,2,-0.9688,25,-0.4397,25,0.5291,25,-0.8696,25,-0.9495,25,0.0799,25,-15.1998,25,-12.6528,25,0.3175,25,-0.5531,25,-0.1603,25,-0.1113,25,-0.1549,25,-0.4123,25,-1.8884,25,0.2006,25,0.0642,25,-0.1583,25
end,persistent,3,-0.9216,25,-0.2909,25,0.6318,25,-0.8321,25,-0.6179,25,-0.2141,25,-8.1699,25,-3.2892,25,0.5914,25,-0.9371,25,0.1323,25,-0.0357,25,-0.0964,25,-0.3036,25,0.4181,25,0.2930,25,-0.2220,25,-0.0828,25
end,persistent,4,-0.6532,25,0.0518,25,0.7050,25,-0.6831,25,-0.1807,25,-0.5024,25,-6.7839,25,-2.4530,25,0.5205,25,-0.5997,25,0.2830,25,-0.0788,25,0.0347,25,-0.2291,25,2.3728,25,0.3133,25,-0.1963,25,-0.0149,25
end,persistent,5,-0.2094,25,0.2371,25,0.4466,25,-0.2464,25,0.1234,25,-0.3697,25,-3.8555,25,-1.8130,25,0.2346,25,-0.4511,25,0.5425,25,-0.1149,25,0.0501,25,-0.1236,25,0.7721,25,0.0094,25,-0.0822,25,-0.0399,25
end,short,-5,0.2029,29,-1.1648,28,-1.3543,28,0.1417,29,-0.9434,29,1.0851,29,-22.5004,29,-30.2480,29,-0.9052,29,0.5557,29,-0.1024,29,0.1694,29,-1.2876,29,0.7464,29,-30.1455,29,-1.0066,29,0.2683,29,-0.1862,29
end,short,-4,0.0265,30,-1.4552,29,-1.4742,29,-0.1998,30,-1.1390,30,0.9392,30,-27.7055,30,-33.0974,30,-0.6089,30,0.6576,30,-0.3776,30,0.2177,30,-1.4676,30,0.6550,30,-28.8447,30,-0.4939,30,0.2545,30,-0.3312,30
end,short,-3,-0.9586,30,-1.7565,29,-0.7758,29,-0.8401,30,-2.1163,30,1.2762,30,-39.8975,30,-42.5504,30,-0.2567,30,0.8870,30,-0.8862,30,0.2642,30,-1.6304,30,0.5187,30,-25.8125,30,-0.0646,30,0.3907,30,-0.4139,30
end,short,-2,-2.4081,30,-1.8501,29,0.5872,29,-1.8393,30,-2.3376,30,0.4982,30,-34.6714,30,-33.1697,30,0.2668,30,0.4262,30,-1.4801,30,0.4147,30,-1.3377,30,-0.0966,30,-15.5567,30,0.2300,30,0.4896,30,-0.4801,30
end,short,-1,-2.9683,30,-1.5743,29,1.4391,29,-2.2520,30,-1.8375,30,-0.4145,30,-22.5122,30,-19.8288,30,0.4034,30,-0.4738,30,-1.1872,30,0.2219,30,-0.7944,30,-0.4081,30,-11.0084,30,-0.2084,30,0.4690,30,-0.3710,30
end,short,0,-2.5287,30,-0.9957,29,1.5778,29,-2.0574,30,-1.0781,30,-0.9793,30,-14.4729,30,-18.3743,30,-0.4008,30,-0.3901,30,-0.4153,30,-0.1075,30,-0.5970,30,-0.1754,30,-15.8613,30,-0.9570,30,0.4621,30,-0.3202,30
end,short,1,-1.0537,29,-0.6768,28,0.4499,28,-0.8717,29,-0.9571,29,0.0854,29,-14.0053,29,-19.3580,29,-0.6024,29,-0.2805,29,0.4136,29,-0.1031,29,-0.6056,29,-0.0723,29,-17.4019,29,-0.9164,29,0.3155,29,-0.2386,29
end,short,2,-0.6807,29,-0.3343,28,0.3640,28,-0.6328,29,-1.0574,29,0.4247,29,-13.1895,29,-15.1586,29,-0.2079,29,0.0114,29,0.1155,29,-0.1024,29,-0.7173,29,0.1252,29,-13.2407,29,-0.3767,29,0.1944,29,-0.0629,29
end,short,3,-0.6221,28,-0.0630,27,0.5389,27,-0.5802,28,-0.8268,28,0.2466,28,-10.5992,28,-11.0240,28,-0.0316,28,-0.0726,28,-0.4907,28,-0.0411,28,-0.7071,28,0.0605,28,-11.0121,28,-0.1355,28,-0.0415,28,-0.1261,28
end,short,4,-0.1467,26,-0.2435,25,-0.1362,25,-0.1776,26,-0.5149,26,0.3373,26,-2.1042,26,-2.1225,26,0.0100,26,0.2267,26,0.1134,26,0.0152,26,-0.4423,26,0.1566,26,-7.9598,26,-0.2856,26,0.0579,26,-0.0600,26
end,short,5,0.0013,26,-0.1724,25,-0.2155,25,-0.1885,26,-0.5055,26,0.3169,26,0.5744,26,-0.3148,26,-0.1003,26,0.7833,26,-0.0379,26,0.0426,26,-0.3052,26,0.0619,26,-3.8987,26,-0.2103,26,-0.0680,26,-0.0454,26
onset,intermediate,-5,-0.4121,26,-0.8171,26,-0.4042,26,-0.4005,26,-0.4242,26,0.0236,26,-1.1844,26,-6.8805,26,-0.6511,26,0.7158,26,-0.1988,26,0.1334,26,-0.5244,26,-0.0981,26,-13.3743,26,-0.9211,26,0.3714,26,0.1185,26
onset,intermediate,-4,-0.9720,26,-0.5674,26,0.4009,26,-0.7444,26,-0.1125,26,-0.6319,26,-1.0598,26,-3.8090,26,-0.2942,26,0.2584,26,-0.1805,26,0.1469,26,-0.4893,26,-0.2298,26,-11.0044,26,-0.5921,26,0.1795,26,0.4080,26
onset,intermediate,-3,-0.6590,26,-0.5600,26,0.0994,26,-0.7039,26,0.0433,26,-0.7472,26,-5.2051,26,-7.1821,26,-0.2074,26,0.0750,26,0.2150,26,0.1518,26,-0.5874,26,0.0266,26,-18.0054,26,-0.9078,26,0.2358,26,0.4869,26
onset,intermediate,-2,-0.1625,28,-1.2308,28,-1.0681,28,-0.3883,28,-0.1861,28,-0.2022,28,-14.5633,28,-19.9329,28,-0.6125,28,0.9042,28,0.5677,28,0.0170,28,-1.0075,28,0.3090,28,-27.2467,28,-1.0281,28,0.4674,28,0.0422,28
onset,intermediate,-1,-0.4881,28,-1.7264,28,-1.2341,28,-0.5992,28,-1.2551,28,0.6559,28,-28.4945,28,-33.8055,28,-0.5894,28,1.8392,28,0.3291,28,0.1536,28,-1.4010,28,0.1512,28,-23.9909,28,-0.2808,28,0.6593,28,-0.2910,28
onset,intermediate,0,-2.5803,29,-2.2083,29,0.3714,29,-1.8304,29,-2.1767,29,0.3463,29,-29.9125,29,-27.2737,29,0.3963,29,0.6390,29,-0.7386,29,0.3086,29,-1.3459,29,-0.2664,29,-16.1803,29,0.2694,29,0.6170,29,-0.3065,29
onset,intermediate,1,-3.1442,29,-1.9837,29,1.1670,29,-2.4260,29,-1.8334,29,-0.5925,29,-20.7014,29,-18.9911,29,0.2932,29,0.1898,29,-1.1257,29,0.2261,29,-0.9808,29,-0.5570,29,-12.5197,29,-0.0750,29,0.4530,29,-0.4140,29
onset,intermediate,2,-2.9706,29,-1.5678,29,1.4035,29,-2.1411,29,-1.6534,29,-0.4876,29,-13.4309,29,-12.2275,29,0.2168,29,-0.0937,29,-1.0241,29,0.0845,29,-0.6565,29,-0.6177,29,-7.9495,29,-0.1534,29,0.4198,29,-0.4131,29
onset,intermediate,3,-2.5326,29,-0.6230,29,1.9095,29,-1.9787,29,-1.1404,29,-0.8383,29,-0.3694,29,1.4972,29,0.2737,29,-0.6244,29,-0.8391,29,0.0566,29,-0.3054,29,-0.5533,29,-3.3436,29,-0.2693,29,0.1192,29,-0.1278,29
onset,intermediate,4,-1.6734,28,0.0288,28,1.7011,28,-1.4620,28,-0.6282,28,-0.8338,28,8.0734,28,7.6655,28,-0.0176,28,-0.7763,28,-0.1834,28,-0.0507,28,-0.1857,28,-0.3482,28,-2.9598,28,-0.4715,28,-0.0509,28,0.0370,28
onset,intermediate,5,-0.8249,27,0.3216,27,1.1446,27,-0.8884,27,-0.2891,27,-0.5993,27,7.0645,27,5.7743,27,-0.1396,27,-0.4038,27,-0.0059,27,-0.0211,27,-0.1832,27,-0.2366,27,-2.4058,27,-0.2275,27,-0.0519,27,-0.0674,27
onset,intermediate,6,-0.4428,27,0.2077,27,0.6493,27,-0.5270,27,-0.2893,27,-0.2377,27,3.2594,27,1.4321,27,-0.2076,27,-0.3562,27,-0.2495,27,0.0473,27,-0.1905,27,-0.3180,27,-2.4062,27,-0.1978,27,-0.1091,27,0.0319,27
onset,intermediate,7,-0.4635,26,0.2343,26,0.6983,26,-0.4932,26,-0.1221,26,-0.3711,26,4.3053,26,3.3658,26,-0.1045,26,-0.0951,26,-0.4035,26,0.0229,26,-0.0332,26,-0.3100,26,-2.3459,26,-0.4779,26,-0.0507,26,0.0557,26
onset,intermediate,8,-0.7476,26,0.7217,26,1.4693,26,-0.6083,26,-0.0419,26,-0.5663,26,6.2626,26,7.0248,26,0.0967,26,0.5949,26,-0.6319,26,0.0332,26,-0.0380,26,-0.2696,26,2.1698,26,-0.0067,26,-0.0542,26,-0.0394,26
onset,intermediate,9,-0.7834,26,0.7267,26,1.5106,26,-0.6173,26,0.1323,26,-0.7496,26,8.2977,26,11.9210,26,0.4287,26,0.1275,26,-0.4958,26,0.0159,26,0.0989,26,-0.3939,26,4.8293,26,0.0976,26,-0.0976,26,0.1023,26
onset,intermediate,10,-0.5726,26,0.3751,26,0.9432,26,-0.4020,26,-0.0805,26,-0.3215,26,7.4305,26,7.8607,26,0.0441,26,0.2599,26,-0.4370,26,-0.0310,26,0.1049,26,-0.2360,26,1.6210,26,-0.1547,26,-0.0508,26,-0.1153,26
onset,persistent,-5,0.1111,23,-0.7272,23,-0.8338,23,-0.0735,23,-0.7706,23,0.6971,23,-15.5844,23,-21.3076,23,-0.6597,23,0.9231,23,0.2131,23,0.0336,23,-0.8688,23,0.3899,23,-21.0576,23,-0.9128,23,0.5028,23,0.2715,23
onset,persistent,-4,-0.0683,23,-0.5339,23,-0.4600,23,-0.2257,23,-0.7837,23,0.5580,23,-13.2611,23,-18.5973,23,-0.6111,23,0.3439,23,0.0933,23,0.0668,23,-0.7279,23,0.2731,23,-21.3837,23,-1.1856,23,0.4421,23,0.3081,23
onset,persistent,-3,0.0177,23,-0.5811,23,-0.5987,23,-0.2040,23,-0.6754,23,0.4714,23,-11.5377,23,-19.2447,23,-0.8953,23,0.7861,23,0.1724,23,-0.0251,23,-0.8543,23,0.3428,23,-26.5457,23,-1.5985,23,0.5872,23,0.1504,23
onset,persistent,-2,-0.1096,24,-0.9909,24,-0.8813,24,-0.2737,24,-0.6546,24,0.3809,24,-15.2344,24,-22.4431,24,-0.8353,24,0.6540,24,0.3607,24,0.0057,24,-1.0794,24,0.2551,24,-28.2939,24,-1.2927,24,0.4198,24,0.0073,24
onset,persistent,-1,-0.5321,25,-1.3505,25,-0.8183,25,-0.6055,25,-1.3008,25,0.6953,25,-22.6644,25,-26.4910,25,-0.4152,25,1.3943,25,0.2162,25,0.3178,25,-1.3925,25,0.1630,25,-22.7120,25,-0.2323,25,0.4591,25,-0.2910,25
onset,persistent,0,-2.2436,26,-2.0453,26,0.1983,26,-1.5253,26,-2.2786,26,0.7533,26,-29.4085,26,-27.3161,26,0.3294,26,1.3870,26,-0.8366,26,0.3865,26,-1.4733,26,-0.2076,26,-18.0389,26,0.2134,26,0.7142,26,-0.4318,26
onset,persistent,1,-3.2612,26,-2.3182,26,0.9430,26,-2.5996,26,-1.9811,26,-0.6185,26,-22.7428,26,-22.9598,26,0.0812,26,0.3901,26,-0.9841,26,0.3383,26,-1.2026,26,-0.6409,26,-15.8361,26,-0.1523,26,0.5139,26,-0.6879,26
onset,persistent,2,-3.4584,26,-2.2047,26,1.2531,26,-2.7686,26,-1.6526,26,-1.1160,26,-15.0265,26,-13.7788,26,0.2560,26,0.3799,26,-1.1033,26,0.2643,26,-0.8656,26,-0.9174,26,-8.7707,26,0.0494,26,0.6854,26,-0.5308,26
onset,persistent,3,-3.1203,26,-1.7564,26,1.3659,26,-2.4820,26,-1.1498,26,-1.3322,26,-6.7385,26,-5.1959,26,0.2747,26,0.5651,26,-0.7966,26,0.1197,26,-0.5381,26,-0.9850,26,-0.2299,26,0.2304,26,0.4189,26,-0.6626,26
onset,persistent,4,-3.0034,26,-1.3655,26,1.6378,26,-2.3078,26,-1.4079,26,-0.8998,26,-0.2411,26,1.6834,26,0.3031,26,0.0553,26,-1.0148,26,0.0854,26,-0.2336,26,-1.0761,26,5.9889,26,0.2556,26,0.4619,26,-0.6127,26
onset,persistent,5,-2.6715,26,-0.8992,26,1.7724,26,-2.0965,26,-0.9901,26,-1.1064,26,8.0949,26,7.1676,26,-0.0504,26,-0.5492,26,-0.9015,26,0.0574,26,0.0727,26,-0.9975,26,4.4644,26,-0.3654,26,0.3117,26,-0.4131,26
onset,persistent,6,-2.2911,26,-0.6034,26,1.6894,26,-1.8130,26,-0.6554,26,-1.1575,26,7.1845,26,6.5964,26,-0.0300,26,-0.0527,26,-0.7563,26,-0.0868,26,0.1554,26,-0.7794,26,4.5041,26,-0.2295,26,0.0932,26,-0.2900,26
onset,persistent,7,-1.7883,26,-0.4580,26,1.3318,26,-1.5034,26,-0.7828,26,-0.7206,26,-1.2515,26,0.4298,26,0.2260,26,-0.1048,26,-0.7179,26,-0.1428,26,0.0764,26,-0.6140,26,3.2765,26,0.0893,26,0.2028,26,-0.2382,26
onset,persistent,8,-1.4166,26,-0.5431,26,0.8741,26,-1.3018,26,-0.7382,26,-0.5636,26,-6.7741,26,-4.4211,26,0.3002,26,-0.2002,26,-0.5933,26,-0.0381,26,-0.0307,26,-0.5261,26,1.2363,26,0.2212,26,0.1486,26,-0.2318,26
onset,persistent,9,-1.0780,25,-0.2912,25,0.7868,25,-0.9593,25,-0.4120,25,-0.5473,25,-8.1874,25,-5.0392,25,0.3928,25,-0.6898,25,-0.0519,25,0.0466,25,-0.1237,25,-0.3379,25,-0.2056,25,0.4594,25,-0.0795,25,-0.1319,25
onset,persistent,10,-0.7409,25,0.1806,25,0.9215,25,-0.6998,25,-0.1339,25,-0.5659,25,-7.5315,25,-6.1511,25,0.1765,25,-0.3878,25,0.1996,25,-0.0311,25,-0.0434,25,-0.1818,25,-2.2327,25,-0.0378,25,0.0049,25,0.0098,25
onset,short,-5,0.6886,29,-0.8465,28,-1.4700,28,0.4961,29,-0.4217,29,0.9178,29,-14.1607,29,-22.8500,29,-1.0339,29,1.1271,29,0.5964,29,0.0635,29,-0.7750,29,0.7857,29,-27.0824,29,-1.4663,29,0.4550,29,0.2937,29
onset,short,-4,0.2871,29,-0.8339,28,-1.0685,28,0.1553,29,-0.7671,29,0.9223,29,-19.6608,29,-28.0549,29,-0.9906,29,0.7420,29,0.0385,29,0.1480,29,-1.0140,29,0.7603,29,-29.5427,29,-1.3819,29,0.4043,29,-0.0324,29
onset,short,-3,0.2029,29,-1.1648,28,-1.3543,28,0.1417,29,-0.9434,29,1.0851,29,-22.5004,29,-30.2480,29,-0.9052,29,0.5557,29,-0.1024,29,0.1694,29,-1.2876,29,0.7464,29,-30.1455,29,-1.0066,29,0.2683,29,-0.1862,29
onset,short,-2,0.0265,30,-1.4552,29,-1.4742,29,-0.1998,30,-1.1390,30,0.9392,30,-27.7055,30,-33.0974,30,-0.6089,30,0.6576,30,-0.3776,30,0.2177,30,-1.4676,30,0.6550,30,-28.8447,30,-0.4939,30,0.2545,30,-0.3312,30
onset,short,-1,-0.9586,30,-1.7565,29,-0.7758,29,-0.8401,30,-2.1163,30,1.2762,30,-39.8975,30,-42.5504,30,-0.2567,30,0.8870,30,-0.8862,30,0.2642,30,-1.6304,30,0.5187,30,-25.8125,30,-0.0646,30,0.3907,30,-0.4139,30
onset,short,0,-2.4081,30,-1.8501,29,0.5872,29,-1.8393,30,-2.3376,30,0.4982,30,-34.6714,30,-33.1697,30,0.2668,30,0.4262,30,-1.4801,30,0.4147,30,-1.3377,30,-0.0966,30,-15.5567,30,0.2300,30,0.4896,30,-0.4801,30
onset,short,1,-2.9683,30,-1.5743,29,1.4391,29,-2.2520,30,-1.8375,30,-0.4145,30,-22.5122,30,-19.8288,30,0.4034,30,-0.4738,30,-1.1872,30,0.2219,30,-0.7944,30,-0.4081,30,-11.0084,30,-0.2084,30,0.4690,30,-0.3710,30
onset,short,2,-2.5287,30,-0.9957,29,1.5778,29,-2.0574,30,-1.0781,30,-0.9793,30,-14.4729,30,-18.3743,30,-0.4008,30,-0.3901,30,-0.4153,30,-0.1075,30,-0.5970,30,-0.1754,30,-15.8613,30,-0.9570,30,0.4621,30,-0.3202,30
onset,short,3,-1.0537,29,-0.6768,28,0.4499,28,-0.8717,29,-0.9571,29,0.0854,29,-14.0053,29,-19.3580,29,-0.6024,29,-0.2805,29,0.4136,29,-0.1031,29,-0.6056,29,-0.0723,29,-17.4019,29,-0.9164,29,0.3155,29,-0.2386,29
onset,short,4,-0.6807,29,-0.3343,28,0.3640,28,-0.6328,29,-1.0574,29,0.4247,29,-13.1895,29,-15.1586,29,-0.2079,29,0.0114,29,0.1155,29,-0.1024,29,-0.7173,29,0.1252,29,-13.2407,29,-0.3767,29,0.1944,29,-0.0629,29
onset,short,5,-0.6221,28,-0.0630,27,0.5389,27,-0.5802,28,-0.8268,28,0.2466,28,-10.5992,28,-11.0240,28,-0.0316,28,-0.0726,28,-0.4907,28,-0.0411,28,-0.7071,28,0.0605,28,-11.0121,28,-0.1355,28,-0.0415,28,-0.1261,28
onset,short,6,-0.1467,26,-0.2435,25,-0.1362,25,-0.1776,26,-0.5149,26,0.3373,26,-2.1042,26,-2.1225,26,0.0100,26,0.2267,26,0.1134,26,0.0152,26,-0.4423,26,0.1566,26,-7.9598,26,-0.2856,26,0.0579,26,-0.0600,26
onset,short,7,0.0013,26,-0.1724,25,-0.2155,25,-0.1885,26,-0.5055,26,0.3169,26,0.5744,26,-0.3148,26,-0.1003,26,0.7833,26,-0.0379,26,0.0426,26,-0.3052,26,0.0619,26,-3.8987,26,-0.2103,26,-0.0680,26,-0.0454,26
onset,short,8,-0.0950,26,0.0377,25,0.0757,25,-0.0265,26,-0.3062,26,0.2797,26,6.2033,26,9.1393,26,0.3545,26,0.4831,26,-0.6904,26,0.0125,26,-0.0924,26,-0.0627,26,3.2849,26,0.1613,26,-0.0718,26,0.0037,26
onset,short,9,0.0982,25,-0.2478,24,-0.4302,24,-0.0237,25,0.0312,25,-0.0549,25,13.4728,25,17.5788,25,0.4863,25,0.0638,25,-0.3395,25,0.0642,25,0.0692,25,-0.0609,25,7.9942,25,0.3941,25,-0.0838,25,-0.0782,25
onset,short,10,0.1070,25,-0.2467,24,-0.3862,24,0.0844,25,-0.0820,25,0.1664,25,10.6980,25,13.4620,25,0.3277,25,0.5037,25,0.1894,25,0.1431,25,0.0272,25,0.0062,25,7.0138,25,0.3629,25,-0.1155,25,-0.0200,25
