analysis,predictor,odds_ratio_per_sd,ci_low,ci_high,p_bootstrap,n_rows,n_terminations,ci_excludes_one,same_direction_as_primary
primary,nat_tmax_anom,1.6638,1.1917,2.6697,0.0040,260,85,True,True
primary,nat_dtr_anom,1.6309,1.1813,2.5713,0.0040,260,85,True,True
primary,era5_bd_wspd10_anom,0.5280,0.3319,0.7419,0.0020,260,85,True,True
primary,era5_bd_t850_tend,1.5015,1.0915,2.2853,0.0100,260,85,True,True
primary,era5_bd_stab_t2m_minus_t850_tend,0.6235,0.4108,0.8487,0.0000,260,85,True,True
primary,era5_bd_z500_tend,0.7420,0.5569,0.9115,0.0120,260,85,True,True
primary,era5_bd_mslp_tend,0.6555,0.4289,0.8898,0.0180,260,85,True,True
primary,era5_bd_v850_tend,1.3868,1.0786,1.9004,0.0100,260,85,True,True
primary,era5_sa_z500_tend,0.5802,0.4175,0.7869,0.0020,260,85,True,True
catalogue:bmd_area20_duration3,nat_tmax_anom,2.7542,1.7514,5.6885,0.0000,385,93,True,True
catalogue:bmd_area20_duration3,nat_dtr_anom,2.4210,1.6303,4.5240,0.0000,385,93,True,True
catalogue:bmd_area20_duration3,era5_bd_wspd10_anom,0.5969,0.4015,0.8147,0.0000,385,93,True,True
catalogue:bmd_area20_duration3,era5_bd_t850_tend,1.5081,1.2348,1.8826,0.0000,385,93,True,True
catalogue:bmd_area20_duration3,era5_bd_stab_t2m_minus_t850_tend,0.8161,0.6173,1.0607,0.1440,385,93,False,True
catalogue:bmd_area20_duration3,era5_bd_z500_tend,1.0936,0.8553,1.3857,0.4600,385,93,False,False
catalogue:bmd_area20_duration3,era5_bd_mslp_tend,0.9354,0.7204,1.1820,0.5560,385,93,False,True
catalogue:bmd_area20_duration3,era5_bd_v850_tend,1.3471,1.0555,1.8777,0.0260,385,93,True,True
catalogue:bmd_area20_duration3,era5_sa_z500_tend,0.7968,0.6210,0.9963,0.0460,385,93,True,True
catalogue:p05_area20_duration3,nat_tmax_anom,1.6925,0.8574,7.0949,0.1340,69,35,False,True
catalogue:p05_area20_duration3,nat_dtr_anom,1.4778,0.8942,4.2393,0.1320,69,35,False,True
catalogue:p05_area20_duration3,era5_bd_wspd10_anom,1.4763,0.7423,4.1564,0.2820,69,35,False,False
catalogue:p05_area20_duration3,era5_bd_t850_tend,2.5742,1.4637,27.9002,0.0020,69,35,True,True
catalogue:p05_area20_duration3,era5_bd_stab_t2m_minus_t850_tend,0.3607,0.0581,0.6864,0.0020,69,35,True,True
catalogue:p05_area20_duration3,era5_bd_z500_tend,1.3206,0.7637,3.4438,0.3120,69,35,False,False
catalogue:p05_area20_duration3,era5_bd_mslp_tend,1.7449,1.0351,4.6725,0.0400,69,35,True,False
catalogue:p05_area20_duration3,era5_bd_v850_tend,1.1427,0.5184,2.0542,0.7100,69,35,False,True
catalogue:p05_area20_duration3,era5_sa_z500_tend,1.4392,0.5835,3.7559,0.3460,69,35,False,False
catalogue:p10_area10_duration3,nat_tmax_anom,1.7388,1.2686,2.7296,0.0020,428,110,True,True
catalogue:p10_area10_duration3,nat_dtr_anom,1.7222,1.2619,2.6880,0.0020,428,110,True,True
catalogue:p10_area10_duration3,era5_bd_wspd10_anom,0.4801,0.3584,0.6011,0.0000,428,110,True,True
catalogue:p10_area10_duration3,era5_bd_t850_tend,1.5057,1.2006,1.9177,0.0020,428,110,True,True
catalogue:p10_area10_duration3,era5_bd_stab_t2m_minus_t850_tend,0.6721,0.5349,0.8131,0.0000,428,110,True,True
catalogue:p10_area10_duration3,era5_bd_z500_tend,0.8542,0.6750,1.0571,0.1420,428,110,False,True
catalogue:p10_area10_duration3,era5_bd_mslp_tend,0.7679,0.5991,0.9602,0.0220,428,110,True,True
catalogue:p10_area10_duration3,era5_bd_v850_tend,1.2595,0.9995,1.6270,0.0520,428,110,False,True
catalogue:p10_area10_duration3,era5_sa_z500_tend,0.5556,0.4367,0.6951,0.0000,428,110,True,True
catalogue:p10_area20_duration3_gap1,nat_tmax_anom,1.9067,1.4985,2.8110,0.0000,296,86,True,True
catalogue:p10_area20_duration3_gap1,nat_dtr_anom,1.9161,1.5035,2.8403,0.0000,296,86,True,True
catalogue:p10_area20_duration3_gap1,era5_bd_wspd10_anom,0.5755,0.3929,0.7556,0.0000,296,86,True,True
catalogue:p10_area20_duration3_gap1,era5_bd_t850_tend,1.5552,1.1611,2.2255,0.0000,296,86,True,True
catalogue:p10_area20_duration3_gap1,era5_bd_stab_t2m_minus_t850_tend,0.6247,0.4358,0.8114,0.0020,296,86,True,True
catalogue:p10_area20_duration3_gap1,era5_bd_z500_tend,1.0379,0.7435,1.3621,0.8720,296,86,False,False
catalogue:p10_area20_duration3_gap1,era5_bd_mslp_tend,0.8118,0.5449,1.1000,0.1800,296,86,False,True
catalogue:p10_area20_duration3_gap1,era5_bd_v850_tend,1.4122,1.0396,2.0056,0.0320,296,86,True,True
catalogue:p10_area20_duration3_gap1,era5_sa_z500_tend,0.6762,0.4967,0.8673,0.0180,296,86,True,True
catalogue:p10_area20_duration4,nat_tmax_anom,1.9523,1.3934,4.0419,0.0000,175,55,True,True
catalogue:p10_area20_duration4,nat_dtr_anom,1.9563,1.3929,4.0562,0.0000,175,55,True,True
catalogue:p10_area20_duration4,era5_bd_wspd10_anom,0.5403,0.2933,0.7870,0.0020,175,55,True,True
catalogue:p10_area20_duration4,era5_bd_t850_tend,1.4878,1.0219,2.5390,0.0400,175,55,True,True
catalogue:p10_area20_duration4,era5_bd_stab_t2m_minus_t850_tend,0.6561,0.3858,0.9371,0.0240,175,55,True,True
catalogue:p10_area20_duration4,era5_bd_z500_tend,0.7527,0.4817,1.0151,0.0620,175,55,False,True
catalogue:p10_area20_duration4,era5_bd_mslp_tend,0.7671,0.4913,1.0677,0.1280,175,55,False,True
catalogue:p10_area20_duration4,era5_bd_v850_tend,1.2969,0.9697,1.7197,0.0920,175,55,False,True
catalogue:p10_area20_duration4,era5_sa_z500_tend,0.5992,0.3739,0.8612,0.0080,175,55,True,True
catalogue:p10_area30_duration3,nat_tmax_anom,1.5148,0.9365,3.5090,0.1080,168,63,False,True
catalogue:p10_area30_duration3,nat_dtr_anom,1.4642,0.9400,3.1801,0.1080,168,63,False,True
catalogue:p10_area30_duration3,era5_bd_wspd10_anom,0.7309,0.4707,1.0617,0.1000,168,63,False,True
catalogue:p10_area30_duration3,era5_bd_t850_tend,1.7933,1.1938,3.3284,0.0000,168,63,True,True
catalogue:p10_area30_duration3,era5_bd_stab_t2m_minus_t850_tend,0.5492,0.2868,0.8228,0.0040,168,63,True,True
catalogue:p10_area30_duration3,era5_bd_z500_tend,1.1834,0.8377,1.7090,0.3780,168,63,False,False
catalogue:p10_area30_duration3,era5_bd_mslp_tend,1.0731,0.6825,1.4884,0.7560,168,63,False,False
catalogue:p10_area30_duration3,era5_bd_v850_tend,1.4351,0.9579,2.1224,0.0660,168,63,False,True
catalogue:p10_area30_duration3,era5_sa_z500_tend,1.0388,0.7046,1.6242,0.8680,168,63,False,False
detrended_covariates,nat_tmax_anom,1.6632,1.1911,2.6651,0.0040,260,85,True,True
detrended_covariates,nat_dtr_anom,1.6093,1.1758,2.5059,0.0040,260,85,True,True
detrended_covariates,era5_bd_wspd10_anom,0.5261,0.3297,0.7404,0.0020,260,85,True,True
detrended_covariates,era5_bd_t850_tend,1.5021,1.0917,2.2856,0.0100,260,85,True,True
detrended_covariates,era5_bd_stab_t2m_minus_t850_tend,0.6235,0.4106,0.8486,0.0000,260,85,True,True
detrended_covariates,era5_bd_z500_tend,0.7419,0.5570,0.9118,0.0120,260,85,True,True
detrended_covariates,era5_bd_mslp_tend,0.6555,0.4290,0.8897,0.0180,260,85,True,True
detrended_covariates,era5_bd_v850_tend,1.3868,1.0786,1.8998,0.0100,260,85,True,True
detrended_covariates,era5_sa_z500_tend,0.5802,0.4176,0.7868,0.0020,260,85,True,True
lead_1_day,nat_tmax_anom,1.1066,0.7978,1.5392,0.4940,260,85,False,True
lead_1_day,nat_dtr_anom,1.1146,0.8314,1.4290,0.4240,260,85,False,True
lead_1_day,era5_bd_wspd10_anom,0.7406,0.5127,1.0508,0.0900,260,85,False,True
lead_1_day,era5_bd_t850_tend,0.7576,0.4969,1.0768,0.1260,260,85,False,False
lead_1_day,era5_bd_stab_t2m_minus_t850_tend,1.1852,0.8147,1.7024,0.3300,260,85,False,False
lead_1_day,era5_bd_z500_tend,1.0731,0.7760,1.5215,0.6560,260,85,False,False
lead_1_day,era5_bd_mslp_tend,1.1538,0.9146,1.4586,0.2640,260,85,False,False
lead_1_day,era5_bd_v850_tend,0.9375,0.7231,1.2370,0.6040,260,85,False,False
lead_1_day,era5_sa_z500_tend,0.9156,0.6939,1.1561,0.4500,260,85,False,True
