winter_start_year,cold_night_spells,cold_day_spells,cold_night_days,cold_day_days
1985,3,1,13,3
1986,1,1,3,3
1987,0,0,0,0
1988,4,1,25,6
1989,3,0,28,0
1990,1,1,7,3
1991,4,4,19,34
1992,3,3,29,15
1993,1,4,4,15
1994,4,1,25,5
1995,3,1,9,3
1996,5,2,28,10
1997,2,4,8,26
1998,0,0,0,0
1999,4,2,15,6
2000,5,1,24,4
2001,1,2,5,11
2002,1,2,7,14
2003,1,2,6,16
2004,1,0,5,0
2005,0,0,0,0
2006,4,2,16,10
2007,3,3,12,24
2008,0,1,0,7
2009,1,2,7,8
2010,4,1,17,4
2011,4,1,18,11
2012,4,4,25,25
2013,2,3,8,13
2014,1,3,3,13
2015,3,1,11,7
2016,1,0,3,0
2017,2,2,10,10
2018,2,2,8,7
2019,1,3,5,13
2020,2,3,8,12
2021,3,4,16,17
2022,0,2,0,8
2023,0,2,0,12
2024,1,2,3,8
