lag,variable,n_events,mean,ci_low,ci_high
-5,nat_tmin_anom,83,-0.9958,-1.4693,-0.5300
-5,nat_tmax_anom,83,-1.5239,-1.9262,-1.1056
-5,nat_dtr_anom,83,-0.5277,-1.1201,0.0627
-5,era5_bd_wspd10_anom,83,0.2017,0.1340,0.2722
-5,era5_bd_t850_anom,83,-1.0788,-1.5123,-0.6533
-5,era5_bd_v850_anom,83,-0.0802,-0.4536,0.3345
-5,era5_bd_mslp_anom,83,-0.4918,-0.9378,-0.0171
-5,era5_sa_z500_anom,83,-22.0919,-27.6479,-16.2944
-4,nat_tmin_anom,85,-1.6050,-1.9363,-1.2605
-4,nat_tmax_anom,85,-1.7925,-2.2385,-1.3629
-4,nat_dtr_anom,85,-0.1871,-0.7997,0.4007
-4,era5_bd_wspd10_anom,85,0.2379,0.1510,0.3271
-4,era5_bd_t850_anom,85,-1.4922,-1.9001,-1.1049
-4,era5_bd_v850_anom,85,-0.5536,-0.9336,-0.1412
-4,era5_bd_mslp_anom,85,-0.2399,-0.7070,0.2263
-4,era5_sa_z500_anom,85,-19.1594,-25.0097,-13.4929
-3,nat_tmin_anom,85,-2.3559,-2.6207,-2.0703
-3,nat_tmax_anom,85,-1.7987,-2.2488,-1.3848
-3,nat_dtr_anom,85,0.5582,0.0016,1.0697
-3,era5_bd_wspd10_anom,85,0.2334,0.1482,0.3225
-3,era5_bd_t850_anom,85,-1.7869,-2.1953,-1.4143
-3,era5_bd_v850_anom,85,-0.9973,-1.3196,-0.6944
-3,era5_bd_mslp_anom,85,0.1317,-0.3922,0.6416
-3,era5_sa_z500_anom,85,-14.9740,-21.1578,-8.9052
-2,nat_tmin_anom,85,-2.7460,-2.9317,-2.5673
-2,nat_tmax_anom,85,-1.6359,-2.0520,-1.2478
-2,nat_dtr_anom,85,1.1136,0.6563,1.5546
-2,era5_bd_wspd10_anom,85,0.2227,0.1528,0.2927
-2,era5_bd_t850_anom,85,-1.7572,-2.1222,-1.4317
-2,era5_bd_v850_anom,85,-1.1983,-1.4809,-0.9223
-2,era5_bd_mslp_anom,85,0.3230,-0.1426,0.8005
-2,era5_sa_z500_anom,85,-6.4184,-12.5614,-0.1621
-1,nat_tmin_anom,85,-2.7940,-2.9621,-2.6390
-1,nat_tmax_anom,85,-1.1664,-1.5322,-0.7914
-1,nat_dtr_anom,85,1.6286,1.2859,1.9734
-1,era5_bd_wspd10_anom,85,0.0962,0.0295,0.1680
-1,era5_bd_t850_anom,85,-1.5186,-1.9803,-1.1153
-1,era5_bd_v850_anom,85,-1.1202,-1.4036,-0.8427
-1,era5_bd_mslp_anom,85,0.3774,-0.0595,0.8376
-1,era5_sa_z500_anom,85,-2.5027,-9.3777,5.2721
0,nat_tmin_anom,85,-2.3304,-2.4862,-2.1823
0,nat_tmax_anom,85,-0.5182,-0.8554,-0.1758
0,nat_dtr_anom,85,1.8119,1.4601,2.1548
0,era5_bd_wspd10_anom,85,-0.0914,-0.1819,-0.0014
0,era5_bd_t850_anom,85,-0.9902,-1.4029,-0.5905
0,era5_bd_v850_anom,85,-0.6217,-0.9994,-0.2381
0,era5_bd_mslp_anom,85,-0.0989,-0.6091,0.4605
0,era5_sa_z500_anom,85,-5.6423,-13.2309,2.5373
1,nat_tmin_anom,83,-1.1025,-1.2773,-0.9248
1,nat_tmax_anom,83,-0.3034,-0.7128,0.1144
1,nat_dtr_anom,83,0.7985,0.2843,1.3085
1,era5_bd_wspd10_anom,83,-0.0784,-0.1382,-0.0215
1,era5_bd_t850_anom,83,-0.7905,-1.2177,-0.3615
1,era5_bd_v850_anom,83,0.0360,-0.3301,0.4061
1,era5_bd_mslp_anom,83,-0.2106,-0.7615,0.4103
1,era5_sa_z500_anom,83,-6.8387,-14.3872,1.0005
2,nat_tmin_anom,81,-0.7247,-0.9681,-0.4641
2,nat_tmax_anom,81,-0.2035,-0.5422,0.1709
2,nat_dtr_anom,81,0.5208,0.1367,0.9442
2,era5_bd_wspd10_anom,81,-0.0479,-0.1389,0.0351
2,era5_bd_t850_anom,81,-0.7356,-1.2172,-0.2267
2,era5_bd_v850_anom,81,-0.0403,-0.3676,0.2929
2,era5_bd_mslp_anom,81,-0.0546,-0.6169,0.5708
2,era5_sa_z500_anom,81,-6.4964,-12.8876,0.5389
3,nat_tmin_anom,80,-0.6582,-1.0483,-0.2409
3,nat_tmax_anom,80,-0.0753,-0.4123,0.2865
3,nat_dtr_anom,80,0.5834,0.0825,1.0729
3,era5_bd_wspd10_anom,80,-0.0447,-0.1277,0.0372
3,era5_bd_t850_anom,80,-0.5979,-1.0706,-0.0891
3,era5_bd_v850_anom,80,-0.2302,-0.6045,0.1531
3,era5_bd_mslp_anom,80,0.1288,-0.4707,0.7983
3,era5_sa_z500_anom,80,-4.7559,-11.9469,2.7788
4,nat_tmin_anom,77,-0.4736,-0.8010,-0.1134
4,nat_tmax_anom,77,0.1102,-0.2308,0.4351
4,nat_dtr_anom,77,0.5838,0.0900,1.0504
4,era5_bd_wspd10_anom,77,-0.0039,-0.0978,0.0922
4,era5_bd_t850_anom,77,-0.2912,-0.7138,0.1436
4,era5_bd_v850_anom,77,-0.0390,-0.4279,0.3746
4,era5_bd_mslp_anom,77,0.1893,-0.4980,0.9173
4,era5_sa_z500_anom,77,-1.6708,-10.5985,7.4308
5,nat_tmin_anom,77,-0.3086,-0.6483,0.0153
5,nat_tmax_anom,77,0.2747,-0.0396,0.5553
5,nat_dtr_anom,77,0.5843,0.1256,1.0401
5,era5_bd_wspd10_anom,77,-0.0053,-0.1152,0.1202
5,era5_bd_t850_anom,77,-0.1230,-0.4794,0.2263
5,era5_bd_v850_anom,77,-0.0354,-0.4142,0.3607
5,era5_bd_mslp_anom,77,0.1554,-0.4191,0.7635
5,era5_sa_z500_anom,77,0.6080,-6.7543,8.4251
