variable,dry_cold_day_mean,cold_night_mean,difference,ci_low,ci_high,p_bootstrap,n_a,n_b,n_boot_valid,q_fdr
nat_tmin_anom,-0.0386,-2.6191,2.5805,2.2231,2.9083,0.0000,22,50,5000,0.0000
nat_tmax_anom,-3.1867,-0.7529,-2.4338,-2.9054,-1.9341,0.0000,22,50,5000,0.0000
nat_dtr_anom,-3.1480,1.8672,-5.0152,-5.5272,-4.4390,0.0000,22,50,5000,0.0000
win_tcc_day_anom,0.0857,-0.1311,0.2168,0.1603,0.2676,0.0000,22,50,5000,0.0000
win_strd_day_anom,-1.4178,-19.8918,18.4740,14.8546,21.7276,0.0000,22,50,5000,0.0000
win_ssrd_day_anom,-4.5720,25.7611,-30.3331,-39.7473,-21.1300,0.0000,22,50,5000,0.0000
win_td2m_day_anom,0.0474,-2.7555,2.8028,2.3636,3.1952,0.0000,22,50,5000,0.0000
dly_lowcloud1000_frac_00utc_anom,0.0523,-0.1014,0.1537,0.1100,0.1993,0.0000,22,50,5000,0.0000
dly_fog300_frac_00utc_anom,0.0069,-0.0482,0.0551,0.0354,0.0770,0.0000,22,50,5000,0.0000
dly_dpd_00utc_anom,-0.3354,0.6993,-1.0347,-1.1627,-0.9014,0.0000,22,50,5000,0.0000
