family,predictor,odds_ratio_per_sd,ci_low,ci_high,p_bootstrap,n_rows,n_terminations,q_fdr_family
prenight,win_strd_day_anom,1.5644,0.9734,2.5116,0.0590,260,85,0.2753
prenight,win_ssrd_day_anom,0.9475,0.5983,1.5890,0.8360,260,85,0.9606
prenight,win_tcc_day_anom,1.0439,0.6486,1.5132,0.8500,260,85,0.9606
prenight,win_td2m_day_anom,2.1701,1.3177,4.5261,0.0040,260,85,0.0560
prenight,win_low1000_day_anom,0.8897,0.6227,1.2799,0.4900,260,85,0.9606
prenight,win_fog300_day_anom,0.9777,0.6945,1.6139,0.8650,260,85,0.9606
prenight,win_blh_day_anom,1.0227,0.6572,1.4952,0.8920,260,85,0.9606
prenight,dly_tcc_00utc_anom,0.9075,0.5605,1.3225,0.5910,260,85,0.9606
prenight,dly_lowcloud1000_frac_00utc_anom,0.8705,0.6206,1.1842,0.3440,260,85,0.8027
prenight,dly_fog300_frac_00utc_anom,0.9956,0.6672,1.5678,0.9820,260,85,0.9820
prenight,dly_dpd_00utc_anom,0.7652,0.5123,1.0631,0.0990,260,85,0.3465
prenight,win_strd_day_tend,1.2120,0.8775,1.7373,0.2250,260,85,0.6300
prenight,win_td2m_day_tend,1.5510,1.0517,2.5618,0.0230,260,85,0.1610
prenight,win_tcc_day_tend,1.0359,0.7594,1.4419,0.8080,260,85,0.9606
night_overlapping,win_strd_night_anom,2.6070,1.7982,4.6915,0.0000,260,85,0.0000
night_overlapping,win_tcc_night_anom,1.6882,1.2378,2.5996,0.0030,260,85,0.0050
night_overlapping,win_td2m_night_anom,4.3580,2.6664,11.9013,0.0000,260,85,0.0000
night_overlapping,win_low1000_night_anom,1.0847,0.6967,1.6255,0.6960,260,85,0.6960
night_overlapping,win_fog300_night_anom,1.3252,0.8250,2.2537,0.1950,260,85,0.2438
