window,driver,spearman_rho,rho_ci_low,rho_ci_high,se_rho,min_detectable_abs_rho_80pct
pre10,siberian_high_std_anom,-0.0089,-0.1804,0.1676,0.0888,0.2487
pre10,ural_blocking_fraction_anom,0.1146,-0.0944,0.3187,0.1054,0.2952
pre10,mech_nigp_adv850_k_day_anom,-0.0147,-0.1807,0.1559,0.0859,0.2406
pre10,mech_bd_adv850_k_day_anom,0.0553,-0.1433,0.2440,0.0988,0.2768
pre10,era5_bd_v850_anom,0.0538,-0.1138,0.2326,0.0884,0.2476
pre10,era5_sa_z500_anom,-0.0101,-0.1975,0.1600,0.0912,0.2555
pre10,mech_jet200_core_lat_70_100e_anom,-0.0139,-0.2444,0.1993,0.1132,0.3171
pre10,mech_jet200_core_speed_70_100e_anom,0.0283,-0.1956,0.2337,0.1095,0.3068
pre10,rrwp_asian_corridor_R_lag7,0.0212,-0.1673,0.2138,0.0972,0.2724
pre10,rrwp_central_asia_R_lag7,0.0114,-0.2060,0.2336,0.1121,0.3142
pre10,rrwp_eurasian_upstream_R_lag7,0.0918,-0.0995,0.2664,0.0933,0.2615
pre10,rrwp_asian_corridor_envelope_z_trailing3,0.1545,-0.0830,0.3834,0.1190,0.3333
pre10,nam_proxy_100,-0.0289,-0.2173,0.1585,0.0959,0.2686
pre10,nam_proxy_10,-0.1163,-0.2789,0.0490,0.0836,0.2344
pre5,siberian_high_std_anom,-0.0842,-0.2457,0.0888,0.0853,0.2391
pre5,ural_blocking_fraction_anom,0.1114,-0.0999,0.3319,0.1102,0.3086
pre5,mech_nigp_adv850_k_day_anom,-0.0412,-0.2094,0.1165,0.0831,0.2329
pre5,mech_bd_adv850_k_day_anom,0.1760,-0.0950,0.4303,0.1340,0.3754
pre5,era5_bd_v850_anom,0.1206,-0.1175,0.3650,0.1231,0.3448
pre5,era5_sa_z500_anom,0.0446,-0.1120,0.2032,0.0804,0.2253
pre5,mech_jet200_core_lat_70_100e_anom,-0.0061,-0.2318,0.2045,0.1113,0.3118
pre5,mech_jet200_core_speed_70_100e_anom,0.0496,-0.1813,0.2408,0.1077,0.3017
pre5,rrwp_asian_corridor_R_lag7,-0.0051,-0.1807,0.1778,0.0915,0.2562
pre5,rrwp_central_asia_R_lag7,-0.0559,-0.2483,0.1346,0.0977,0.2737
pre5,rrwp_eurasian_upstream_R_lag7,-0.0159,-0.2153,0.1762,0.0999,0.2798
pre5,rrwp_asian_corridor_envelope_z_trailing3,0.0820,-0.1765,0.3206,0.1268,0.3553
pre5,nam_proxy_100,-0.0662,-0.2390,0.1115,0.0894,0.2505
pre5,nam_proxy_10,-0.1216,-0.2823,0.0307,0.0798,0.2237
onset_0_2,siberian_high_std_anom,-0.1036,-0.3313,0.1244,0.1163,0.3257
onset_0_2,ural_blocking_fraction_anom,0.0223,-0.1583,0.2264,0.0981,0.2749
onset_0_2,mech_nigp_adv850_k_day_anom,-0.1303,-0.3369,0.0676,0.1032,0.2891
onset_0_2,mech_bd_adv850_k_day_anom,0.0863,-0.1212,0.2907,0.1051,0.2944
onset_0_2,era5_bd_v850_anom,0.0306,-0.1963,0.2603,0.1165,0.3263
onset_0_2,era5_sa_z500_anom,-0.0108,-0.1930,0.1566,0.0892,0.2499
onset_0_2,mech_jet200_core_lat_70_100e_anom,0.0988,-0.1616,0.3444,0.1291,0.3616
onset_0_2,mech_jet200_core_speed_70_100e_anom,0.2273,-0.0091,0.4281,0.1115,0.3125
onset_0_2,rrwp_asian_corridor_R_lag7,-0.0671,-0.2923,0.1479,0.1123,0.3146
onset_0_2,rrwp_central_asia_R_lag7,-0.0607,-0.3087,0.1710,0.1224,0.3428
onset_0_2,rrwp_eurasian_upstream_R_lag7,-0.0884,-0.3322,0.1481,0.1225,0.3433
onset_0_2,rrwp_asian_corridor_envelope_z_trailing3,-0.0905,-0.2514,0.0761,0.0835,0.2341
onset_0_2,nam_proxy_100,-0.1061,-0.2852,0.0633,0.0889,0.2491
onset_0_2,nam_proxy_10,-0.0839,-0.2502,0.0942,0.0879,0.2461
