source,predictor,odds_ratio_per_sd,ci_low,ci_high,p_bootstrap,q_global,variant
primary,nat_tmax_anom,1.6638,1.1857,2.6655,0.0030,0.0166,with_utc_day_cloud_family
primary,nat_dtr_anom,1.6309,1.1745,2.5711,0.0030,0.0166,with_utc_day_cloud_family
primary,p10_cold_national_area_fraction,0.8331,0.3676,2.0562,0.6630,0.7631,with_utc_day_cloud_family
primary,era5_bd_t850_anom,1.0526,0.7276,1.5561,0.8070,0.8636,with_utc_day_cloud_family
primary,era5_bd_stab_t2m_minus_t850_anom,0.9157,0.6412,1.2810,0.5980,0.7153,with_utc_day_cloud_family
primary,era5_bd_thick_1000_500_anom,0.9048,0.5834,1.2700,0.5420,0.7053,with_utc_day_cloud_family
primary,era5_bd_z500_anom,0.8530,0.5601,1.1257,0.2350,0.4480,with_utc_day_cloud_family
primary,era5_bd_mslp_anom,0.8630,0.5732,1.1637,0.2750,0.4793,with_utc_day_cloud_family
primary,era5_bd_u850_anom,0.7879,0.6034,1.0133,0.0630,0.1747,with_utc_day_cloud_family
primary,era5_bd_v850_anom,1.0616,0.8128,1.4219,0.6550,0.7631,with_utc_day_cloud_family
primary,era5_bd_wspd10_anom,0.5280,0.3325,0.7478,0.0020,0.0136,with_utc_day_cloud_family
primary,era5_sa_t850_anom,1.1077,0.7621,1.5804,0.5530,0.7053,with_utc_day_cloud_family
primary,era5_sa_z500_anom,0.8266,0.5452,1.0842,0.1620,0.3408,with_utc_day_cloud_family
primary,era5_sa_mslp_anom,0.7903,0.5193,1.0508,0.0950,0.2416,with_utc_day_cloud_family
primary,era5_sa_u850_anom,1.1180,0.8183,1.5739,0.4830,0.6547,with_utc_day_cloud_family
primary,era5_sa_v850_anom,1.1479,0.8163,1.5767,0.3940,0.5862,with_utc_day_cloud_family
primary,era5_bd_t850_tend,1.5015,1.0981,2.2743,0.0110,0.0419,with_utc_day_cloud_family
primary,era5_bd_stab_t2m_minus_t850_tend,0.6235,0.4150,0.8501,0.0000,0.0000,with_utc_day_cloud_family
primary,era5_bd_z500_tend,0.7420,0.5498,0.9152,0.0100,0.0419,with_utc_day_cloud_family
primary,era5_bd_mslp_tend,0.6555,0.4274,0.9110,0.0140,0.0474,with_utc_day_cloud_family
primary,era5_bd_u850_tend,0.8409,0.6583,1.1127,0.2290,0.4480,with_utc_day_cloud_family
primary,era5_bd_v850_tend,1.3868,1.0669,1.8758,0.0140,0.0474,with_utc_day_cloud_family
primary,era5_bd_wspd10_tend,0.7233,0.4400,1.0016,0.0520,0.1510,with_utc_day_cloud_family
primary,era5_sa_t850_tend,0.8856,0.6510,1.1598,0.3550,0.5459,with_utc_day_cloud_family
primary,era5_sa_z500_tend,0.5802,0.4103,0.7922,0.0010,0.0076,with_utc_day_cloud_family
primary,era5_sa_mslp_tend,0.7115,0.5040,0.9661,0.0350,0.1068,with_utc_day_cloud_family
primary,era5_sa_v850_tend,1.1019,0.8098,1.4797,0.5550,0.7053,with_utc_day_cloud_family
primary,siberian_high_std_anom,1.2546,0.9404,1.7468,0.1210,0.2734,with_utc_day_cloud_family
primary,ural_blocking_fraction,1.1862,0.8401,1.4910,0.2620,0.4793,with_utc_day_cloud_family
primary,nam_proxy_10,1.0051,0.6968,1.4332,0.9470,0.9628,with_utc_day_cloud_family
primary,nam_proxy_100,0.9323,0.6779,1.4012,0.7890,0.8594,with_utc_day_cloud_family
primary,rrwp_eurasian_upstream_R_lag7,1.2734,0.9494,1.7970,0.0980,0.2416,with_utc_day_cloud_family
primary,rrwp_central_asia_R_lag7,1.1337,0.8238,1.6054,0.4110,0.5969,with_utc_day_cloud_family
primary,rrwp_bangladesh_sector_R_lag7,1.1207,0.8127,1.6474,0.4350,0.6171,with_utc_day_cloud_family
primary,rrwp_asian_corridor_R_lag7,1.1983,0.8750,1.7675,0.2730,0.4793,with_utc_day_cloud_family
primary,rrwp_eurasian_upstream_envelope_z_trailing3,0.8843,0.6327,1.1258,0.3140,0.5321,with_utc_day_cloud_family
primary,rrwp_central_asia_envelope_z_trailing3,0.8906,0.5752,1.1480,0.3580,0.5459,with_utc_day_cloud_family
primary,rrwp_bangladesh_sector_envelope_z_trailing3,0.9874,0.7043,1.2562,0.8850,0.9150,with_utc_day_cloud_family
primary,rrwp_asian_corridor_envelope_z_trailing3,0.9301,0.6242,1.1852,0.5700,0.7096,with_utc_day_cloud_family
advection_jet,mech_bd_adv850_k_day_anom,1.5291,1.1845,2.1127,0.0080,0.0375,with_utc_day_cloud_family
advection_jet,mech_nigp_adv850_k_day_anom,0.8750,0.6010,1.1996,0.3490,0.5459,with_utc_day_cloud_family
advection_jet,mech_jet200_core_lat_70_100e_anom,0.8053,0.5390,1.1197,0.1610,0.3408,with_utc_day_cloud_family
advection_jet,mech_jet200_core_speed_70_100e_anom,0.6131,0.4075,0.8375,0.0040,0.0203,with_utc_day_cloud_family
advection_jet,mech_bd_adv850_k_day_tend,1.8671,1.3411,3.0091,0.0000,0.0000,with_utc_day_cloud_family
advection_jet,mech_nigp_adv850_k_day_tend,0.6385,0.4166,0.8187,0.0010,0.0076,with_utc_day_cloud_family
advection_jet,mech_jet200_core_lat_70_100e_tend,0.9611,0.6977,1.3696,0.7870,0.8594,with_utc_day_cloud_family
advection_jet,mech_jet200_core_speed_70_100e_tend,1.0539,0.7956,1.3636,0.6790,0.7670,with_utc_day_cloud_family
cloud_utc_day,cld_strd_wm2_anom,2.1393,1.4297,3.6358,0.0010,0.0076,with_utc_day_cloud_family
cloud_utc_day,cld_ssrd_wm2_anom,0.9457,0.5974,1.5848,0.8250,0.8677,with_utc_day_cloud_family
cloud_utc_day,cld_tcc_mean_anom,1.3234,0.9344,2.0376,0.1090,0.2557,with_utc_day_cloud_family
cloud_utc_day,cld_tcc_00utc_anom,0.9075,0.5605,1.3225,0.5910,0.7153,with_utc_day_cloud_family
cloud_utc_day,cld_lowcloud1000_frac_00utc_anom,0.8705,0.6206,1.1842,0.3440,0.5459,with_utc_day_cloud_family
cloud_utc_day,cld_fog300_frac_00utc_anom,0.9956,0.6672,1.5678,0.9820,0.9820,with_utc_day_cloud_family
cloud_utc_day,cld_td2m_mean_anom,3.4437,2.1769,8.7360,0.0000,0.0000,with_utc_day_cloud_family
cloud_utc_day,cld_dpd_00utc_anom,0.7652,0.5123,1.0631,0.0990,0.2416,with_utc_day_cloud_family
cloud_utc_day,cld_blh_06utc_anom,1.1333,0.7610,1.5798,0.4620,0.6405,with_utc_day_cloud_family
cloud_utc_day,cld_strd_wm2_tend,1.9758,1.5318,3.1026,0.0000,0.0000,with_utc_day_cloud_family
cloud_utc_day,cld_tcc_mean_tend,1.4655,1.0965,2.2239,0.0110,0.0419,with_utc_day_cloud_family
cloud_utc_day,cld_lowcloud1000_frac_00utc_tend,0.7265,0.5134,0.9340,0.0170,0.0546,with_utc_day_cloud_family
cloud_utc_day,cld_td2m_mean_tend,2.2524,1.5136,4.2342,0.0000,0.0000,with_utc_day_cloud_family
cloud_utc_day,cld_dpd_00utc_tend,0.7786,0.5416,1.1392,0.1750,0.3558,with_utc_day_cloud_family
primary,nat_tmax_anom,1.6638,1.1857,2.6655,0.0030,0.0261,with_prenight_cloud_family
primary,nat_dtr_anom,1.6309,1.1745,2.5711,0.0030,0.0261,with_prenight_cloud_family
primary,p10_cold_national_area_fraction,0.8331,0.3676,2.0562,0.6630,0.8254,with_prenight_cloud_family
primary,era5_bd_t850_anom,1.0526,0.7276,1.5561,0.8070,0.9127,with_prenight_cloud_family
primary,era5_bd_stab_t2m_minus_t850_anom,0.9157,0.6412,1.2810,0.5980,0.7761,with_prenight_cloud_family
primary,era5_bd_thick_1000_500_anom,0.9048,0.5834,1.2700,0.5420,0.7694,with_prenight_cloud_family
primary,era5_bd_z500_anom,0.8530,0.5601,1.1257,0.2350,0.5120,with_prenight_cloud_family
primary,era5_bd_mslp_anom,0.8630,0.5732,1.1637,0.2750,0.5411,with_prenight_cloud_family
primary,era5_bd_u850_anom,0.7879,0.6034,1.0133,0.0630,0.2023,with_prenight_cloud_family
primary,era5_bd_v850_anom,1.0616,0.8128,1.4219,0.6550,0.8254,with_prenight_cloud_family
primary,era5_bd_wspd10_anom,0.5280,0.3325,0.7478,0.0020,0.0244,with_prenight_cloud_family
primary,era5_sa_t850_anom,1.1077,0.7621,1.5804,0.5530,0.7694,with_prenight_cloud_family
primary,era5_sa_z500_anom,0.8266,0.5452,1.0842,0.1620,0.3953,with_prenight_cloud_family
primary,era5_sa_mslp_anom,0.7903,0.5193,1.0508,0.0950,0.2745,with_prenight_cloud_family
primary,era5_sa_u850_anom,1.1180,0.8183,1.5739,0.4830,0.7290,with_prenight_cloud_family
primary,era5_sa_v850_anom,1.1479,0.8163,1.5767,0.3940,0.6496,with_prenight_cloud_family
primary,era5_bd_t850_tend,1.5015,1.0981,2.2743,0.0110,0.0559,with_prenight_cloud_family
primary,era5_bd_stab_t2m_minus_t850_tend,0.6235,0.4150,0.8501,0.0000,0.0000,with_prenight_cloud_family
primary,era5_bd_z500_tend,0.7420,0.5498,0.9152,0.0100,0.0555,with_prenight_cloud_family
primary,era5_bd_mslp_tend,0.6555,0.4274,0.9110,0.0140,0.0610,with_prenight_cloud_family
primary,era5_bd_u850_tend,0.8409,0.6583,1.1127,0.2290,0.5120,with_prenight_cloud_family
primary,era5_bd_v850_tend,1.3868,1.0669,1.8758,0.0140,0.0610,with_prenight_cloud_family
primary,era5_bd_wspd10_tend,0.7233,0.4400,1.0016,0.0520,0.1866,with_prenight_cloud_family
primary,era5_sa_t850_tend,0.8856,0.6510,1.1598,0.3550,0.6066,with_prenight_cloud_family
primary,era5_sa_z500_tend,0.5802,0.4103,0.7922,0.0010,0.0152,with_prenight_cloud_family
primary,era5_sa_mslp_tend,0.7115,0.5040,0.9661,0.0350,0.1334,with_prenight_cloud_family
primary,era5_sa_v850_tend,1.1019,0.8098,1.4797,0.5550,0.7694,with_prenight_cloud_family
primary,siberian_high_std_anom,1.2546,0.9404,1.7468,0.1210,0.3209,with_prenight_cloud_family
primary,ural_blocking_fraction,1.1862,0.8401,1.4910,0.2620,0.5411,with_prenight_cloud_family
primary,nam_proxy_10,1.0051,0.6968,1.4332,0.9470,0.9628,with_prenight_cloud_family
primary,nam_proxy_100,0.9323,0.6779,1.4012,0.7890,0.9127,with_prenight_cloud_family
primary,rrwp_eurasian_upstream_R_lag7,1.2734,0.9494,1.7970,0.0980,0.2745,with_prenight_cloud_family
primary,rrwp_central_asia_R_lag7,1.1337,0.8238,1.6054,0.4110,0.6598,with_prenight_cloud_family
primary,rrwp_bangladesh_sector_R_lag7,1.1207,0.8127,1.6474,0.4350,0.6804,with_prenight_cloud_family
primary,rrwp_asian_corridor_R_lag7,1.1983,0.8750,1.7675,0.2730,0.5411,with_prenight_cloud_family
primary,rrwp_eurasian_upstream_envelope_z_trailing3,0.8843,0.6327,1.1258,0.3140,0.5986,with_prenight_cloud_family
primary,rrwp_central_asia_envelope_z_trailing3,0.8906,0.5752,1.1480,0.3580,0.6066,with_prenight_cloud_family
primary,rrwp_bangladesh_sector_envelope_z_trailing3,0.9874,0.7043,1.2562,0.8850,0.9222,with_prenight_cloud_family
primary,rrwp_asian_corridor_envelope_z_trailing3,0.9301,0.6242,1.1852,0.5700,0.7727,with_prenight_cloud_family
advection_jet,mech_bd_adv850_k_day_anom,1.5291,1.1845,2.1127,0.0080,0.0488,with_prenight_cloud_family
advection_jet,mech_nigp_adv850_k_day_anom,0.8750,0.6010,1.1996,0.3490,0.6066,with_prenight_cloud_family
advection_jet,mech_jet200_core_lat_70_100e_anom,0.8053,0.5390,1.1197,0.1610,0.3953,with_prenight_cloud_family
advection_jet,mech_jet200_core_speed_70_100e_anom,0.6131,0.4075,0.8375,0.0040,0.0271,with_prenight_cloud_family
advection_jet,mech_bd_adv850_k_day_tend,1.8671,1.3411,3.0091,0.0000,0.0000,with_prenight_cloud_family
advection_jet,mech_nigp_adv850_k_day_tend,0.6385,0.4166,0.8187,0.0010,0.0152,with_prenight_cloud_family
advection_jet,mech_jet200_core_lat_70_100e_tend,0.9611,0.6977,1.3696,0.7870,0.9127,with_prenight_cloud_family
advection_jet,mech_jet200_core_speed_70_100e_tend,1.0539,0.7956,1.3636,0.6790,0.8284,with_prenight_cloud_family
cloud_prenight,win_strd_day_anom,1.5644,0.9734,2.5116,0.0590,0.1999,with_prenight_cloud_family
cloud_prenight,win_ssrd_day_anom,0.9475,0.5983,1.5890,0.8360,0.9222,with_prenight_cloud_family
cloud_prenight,win_tcc_day_anom,1.0439,0.6486,1.5132,0.8500,0.9222,with_prenight_cloud_family
cloud_prenight,win_td2m_day_anom,2.1701,1.3177,4.5261,0.0040,0.0271,with_prenight_cloud_family
cloud_prenight,win_low1000_day_anom,0.8897,0.6227,1.2799,0.4900,0.7290,with_prenight_cloud_family
cloud_prenight,win_fog300_day_anom,0.9777,0.6945,1.6139,0.8650,0.9222,with_prenight_cloud_family
cloud_prenight,win_blh_day_anom,1.0227,0.6572,1.4952,0.8920,0.9222,with_prenight_cloud_family
cloud_prenight,dly_tcc_00utc_anom,0.9075,0.5605,1.3225,0.5910,0.7761,with_prenight_cloud_family
cloud_prenight,dly_lowcloud1000_frac_00utc_anom,0.8705,0.6206,1.1842,0.3440,0.6066,with_prenight_cloud_family
cloud_prenight,dly_fog300_frac_00utc_anom,0.9956,0.6672,1.5678,0.9820,0.9820,with_prenight_cloud_family
cloud_prenight,dly_dpd_00utc_anom,0.7652,0.5123,1.0631,0.0990,0.2745,with_prenight_cloud_family
cloud_prenight,win_strd_day_tend,1.2120,0.8775,1.7373,0.2250,0.5120,with_prenight_cloud_family
cloud_prenight,win_td2m_day_tend,1.5510,1.0517,2.5618,0.0230,0.0935,with_prenight_cloud_family
cloud_prenight,win_tcc_day_tend,1.0359,0.7594,1.4419,0.8080,0.9127,with_prenight_cloud_family
