family,predictor,n_rows,n_terminations,odds_ratio_per_sd,ci_low,ci_high,p_bootstrap,n_boot_valid,q_fdr_causal,ci_excludes_one,fdr_significant
station_temperature,nat_tmax_anom,260,85,1.6638,1.1857,2.6655,0.0030,2000,0.0234,True,True
station_temperature,nat_dtr_anom,260,85,1.6309,1.1745,2.5711,0.0030,2000,0.0234,True,True
station_temperature,p10_cold_national_area_fraction,260,85,0.8331,0.3676,2.0562,0.6630,2000,0.7388,False,False
era5_state,era5_bd_t850_anom,260,85,1.0526,0.7276,1.5561,0.8070,2000,0.8506,False,False
era5_state,era5_bd_stab_t2m_minus_t850_anom,260,85,0.9157,0.6412,1.2810,0.5980,2000,0.7067,False,False
era5_state,era5_bd_thick_1000_500_anom,260,85,0.9048,0.5834,1.2700,0.5420,2000,0.6947,False,False
era5_state,era5_bd_z500_anom,260,85,0.8530,0.5601,1.1257,0.2350,2000,0.5092,False,False
era5_state,era5_bd_mslp_anom,260,85,0.8630,0.5732,1.1637,0.2750,2000,0.5107,False,False
era5_state,era5_bd_u850_anom,260,85,0.7879,0.6034,1.0133,0.0630,2000,0.2047,False,False
era5_state,era5_bd_v850_anom,260,85,1.0616,0.8128,1.4219,0.6550,2000,0.7388,False,False
era5_state,era5_bd_wspd10_anom,260,85,0.5280,0.3325,0.7478,0.0020,2000,0.0234,True,True
era5_state,era5_sa_t850_anom,260,85,1.1077,0.7621,1.5804,0.5530,2000,0.6947,False,False
era5_state,era5_sa_z500_anom,260,85,0.8266,0.5452,1.0842,0.1620,2000,0.3949,False,False
era5_state,era5_sa_mslp_anom,260,85,0.7903,0.5193,1.0508,0.0950,2000,0.2730,False,False
era5_state,era5_sa_u850_anom,260,85,1.1180,0.8183,1.5739,0.4830,2000,0.6727,False,False
era5_state,era5_sa_v850_anom,260,85,1.1479,0.8163,1.5767,0.3940,2000,0.6146,False,False
era5_tendency,era5_bd_t850_tend,260,85,1.5015,1.0981,2.2743,0.0110,2000,0.0607,True,False
era5_tendency,era5_bd_stab_t2m_minus_t850_tend,260,85,0.6235,0.4150,0.8501,0.0000,2000,0.0000,True,True
era5_tendency,era5_bd_z500_tend,260,85,0.7420,0.5498,0.9152,0.0100,2000,0.0607,True,False
era5_tendency,era5_bd_mslp_tend,260,85,0.6555,0.4274,0.9110,0.0140,2000,0.0607,True,False
era5_tendency,era5_bd_u850_tend,260,85,0.8409,0.6583,1.1127,0.2290,2000,0.5092,False,False
era5_tendency,era5_bd_v850_tend,260,85,1.3868,1.0669,1.8758,0.0140,2000,0.0607,True,False
era5_tendency,era5_bd_wspd10_tend,260,85,0.7233,0.4400,1.0016,0.0520,2000,0.1844,False,False
era5_tendency,era5_sa_t850_tend,260,85,0.8856,0.6510,1.1598,0.3550,2000,0.5817,False,False
era5_tendency,era5_sa_z500_tend,260,85,0.5802,0.4103,0.7922,0.0010,2000,0.0195,True,True
era5_tendency,era5_sa_mslp_tend,260,85,0.7115,0.5040,0.9661,0.0350,2000,0.1365,True,False
era5_tendency,era5_sa_v850_tend,260,85,1.1019,0.8098,1.4797,0.5550,2000,0.6947,False,False
remote_causal,siberian_high_std_anom,260,85,1.2546,0.9404,1.7468,0.1210,2000,0.3146,False,False
remote_causal,ural_blocking_fraction,260,85,1.1862,0.8401,1.4910,0.2620,2000,0.5107,False,False
remote_causal,nam_proxy_10,260,85,1.0051,0.6968,1.4332,0.9470,2000,0.9470,False,False
remote_causal,nam_proxy_100,260,85,0.9323,0.6779,1.4012,0.7890,2000,0.8506,False,False
remote_causal,rrwp_eurasian_upstream_R_lag7,260,85,1.2734,0.9494,1.7970,0.0980,2000,0.2730,False,False
remote_causal,rrwp_central_asia_R_lag7,260,85,1.1337,0.8238,1.6054,0.4110,2000,0.6165,False,False
remote_causal,rrwp_bangladesh_sector_R_lag7,260,85,1.1207,0.8127,1.6474,0.4350,2000,0.6283,False,False
remote_causal,rrwp_asian_corridor_R_lag7,260,85,1.1983,0.8750,1.7675,0.2730,2000,0.5107,False,False
remote_causal,rrwp_eurasian_upstream_envelope_z_trailing3,260,85,0.8843,0.6327,1.1258,0.3140,2000,0.5566,False,False
remote_causal,rrwp_central_asia_envelope_z_trailing3,260,85,0.8906,0.5752,1.1480,0.3580,2000,0.5817,False,False
remote_causal,rrwp_bangladesh_sector_envelope_z_trailing3,260,85,0.9874,0.7043,1.2562,0.8850,2000,0.9083,False,False
remote_causal,rrwp_asian_corridor_envelope_z_trailing3,260,85,0.9301,0.6242,1.1852,0.5700,2000,0.6947,False,False
noncausal_diagnostic,rrwp_eurasian_upstream_R_centred_noncausal,260,85,1.5157,1.1573,2.2511,0.0020,2000,,True,False
noncausal_diagnostic,rrwp_central_asia_R_centred_noncausal,260,85,1.3667,1.1034,1.8783,0.0060,2000,,True,False
noncausal_diagnostic,rrwp_bangladesh_sector_R_centred_noncausal,260,85,1.2268,0.9370,1.7663,0.1210,2000,,False,False
noncausal_diagnostic,rrwp_asian_corridor_R_centred_noncausal,260,85,1.4067,1.0651,2.0538,0.0180,2000,,True,False
