variable,lag,mean,ci_low,ci_high
strd_wm2,-5,-7.9343,-11.3000,-4.5903
ssrd_wm2,-5,-3.3773,-10.2105,3.2467
tcc_mean,-5,-0.0043,-0.0456,0.0386
lowcloud1000_frac_00utc,-5,0.0156,-0.0360,0.0727
td2m_mean,-5,-1.4115,-1.8220,-0.9865
dpd_00utc,-5,0.2326,0.0548,0.4146
blh_06utc,-5,3.4080,-34.3633,42.0103
fog300_frac_00utc,-5,-0.0006,-0.0273,0.0296
strd_wm2,-4,-14.0179,-16.4503,-11.5698
ssrd_wm2,-4,2.6647,-2.1251,7.0847
tcc_mean,-4,-0.0556,-0.0867,-0.0214
lowcloud1000_frac_00utc,-4,0.0114,-0.0330,0.0592
td2m_mean,-4,-2.0976,-2.4113,-1.7876
dpd_00utc,-4,0.2917,0.1317,0.4650
blh_06utc,-4,51.3316,15.7393,88.5753
fog300_frac_00utc,-4,0.0057,-0.0205,0.0362
strd_wm2,-3,-18.5309,-20.9943,-16.1321
ssrd_wm2,-3,7.4305,3.3729,10.9940
tcc_mean,-3,-0.1004,-0.1238,-0.0736
lowcloud1000_frac_00utc,-3,-0.0513,-0.0784,-0.0238
td2m_mean,-3,-2.6066,-2.9497,-2.2864
dpd_00utc,-3,0.4687,0.3095,0.6447
blh_06utc,-3,90.1497,63.2475,116.9506
fog300_frac_00utc,-3,-0.0343,-0.0475,-0.0194
strd_wm2,-2,-20.7824,-22.6158,-18.9998
ssrd_wm2,-2,11.9676,9.9079,13.9760
tcc_mean,-2,-0.1148,-0.1345,-0.0936
lowcloud1000_frac_00utc,-2,-0.0648,-0.0913,-0.0364
td2m_mean,-2,-2.7688,-3.0784,-2.4995
dpd_00utc,-2,0.5838,0.3972,0.8055
blh_06utc,-2,91.8406,60.9415,124.2282
fog300_frac_00utc,-2,-0.0349,-0.0498,-0.0180
strd_wm2,-1,-18.0072,-19.7627,-16.2714
ssrd_wm2,-1,11.3559,8.9265,13.7836
tcc_mean,-1,-0.1111,-0.1342,-0.0862
lowcloud1000_frac_00utc,-1,-0.0844,-0.1037,-0.0648
td2m_mean,-1,-2.4244,-2.6742,-2.1897
dpd_00utc,-1,0.5324,0.3671,0.7157
blh_06utc,-1,78.5279,44.2234,114.6676
fog300_frac_00utc,-1,-0.0424,-0.0512,-0.0335
strd_wm2,0,-10.8215,-13.4754,-7.8359
ssrd_wm2,0,8.3251,3.7132,12.3099
tcc_mean,0,-0.0629,-0.1028,-0.0196
lowcloud1000_frac_00utc,0,-0.0887,-0.1103,-0.0664
td2m_mean,0,-1.7076,-1.9491,-1.4613
dpd_00utc,0,0.3626,0.2236,0.5132
blh_06utc,0,44.2389,10.9976,75.6123
fog300_frac_00utc,0,-0.0430,-0.0530,-0.0328
strd_wm2,1,-4.2411,-6.9373,-1.7889
ssrd_wm2,1,0.2029,-5.6002,6.0152
tcc_mean,1,-0.0312,-0.0697,0.0056
lowcloud1000_frac_00utc,1,-0.0496,-0.0848,-0.0133
td2m_mean,1,-0.8592,-1.1060,-0.6026
dpd_00utc,1,0.2348,0.0983,0.3637
blh_06utc,1,-0.8176,-34.7959,31.8738
fog300_frac_00utc,1,-0.0313,-0.0442,-0.0196
strd_wm2,2,-4.0564,-7.3629,-0.6475
ssrd_wm2,2,1.8238,-1.8165,5.4830
tcc_mean,2,-0.0242,-0.0634,0.0183
lowcloud1000_frac_00utc,2,-0.0040,-0.0492,0.0425
td2m_mean,2,-0.6991,-1.1161,-0.2523
dpd_00utc,2,0.0647,-0.1178,0.2498
blh_06utc,2,10.9829,-23.1691,43.5358
fog300_frac_00utc,2,-0.0049,-0.0256,0.0192
strd_wm2,3,-3.6833,-7.4302,0.2902
ssrd_wm2,3,0.7718,-3.3821,4.9785
tcc_mean,3,0.0099,-0.0302,0.0534
lowcloud1000_frac_00utc,3,-0.0375,-0.0707,-0.0030
td2m_mean,3,-0.6627,-1.1607,-0.1508
dpd_00utc,3,0.1848,-0.0244,0.3930
blh_06utc,3,18.3205,-17.9881,54.0049
fog300_frac_00utc,3,-0.0212,-0.0356,-0.0068
strd_wm2,4,-2.2671,-5.8556,1.4097
ssrd_wm2,4,0.6499,-4.0775,5.3003
tcc_mean,4,0.0066,-0.0341,0.0499
lowcloud1000_frac_00utc,4,-0.0298,-0.0690,0.0136
td2m_mean,4,-0.3950,-0.8451,0.0339
dpd_00utc,4,0.1217,-0.0964,0.3447
blh_06utc,4,-3.0912,-34.7835,30.3841
fog300_frac_00utc,4,-0.0111,-0.0322,0.0126
strd_wm2,5,-1.4084,-5.0067,2.1279
ssrd_wm2,5,0.0627,-4.3638,4.4447
tcc_mean,5,-0.0074,-0.0471,0.0351
lowcloud1000_frac_00utc,5,-0.0047,-0.0463,0.0389
td2m_mean,5,-0.2405,-0.6635,0.1445
dpd_00utc,5,0.0236,-0.1652,0.2295
blh_06utc,5,-13.8752,-51.7915,23.2546
fog300_frac_00utc,5,0.0057,-0.0189,0.0327
