window,variable,difference,ci_low,ci_high,se,mdd_80pct,pooled_between_event_sd,mdd_80pct_standardized
pre_onset,nat_tmin_anom,0.0171,-0.7533,0.7702,0.3887,1.0889,1.3324,0.8172
pre_onset,nat_tmax_anom,0.4395,-0.2549,1.1213,0.3511,0.9836,1.5840,0.6209
pre_onset,nat_dtr_anom,0.4222,-0.6455,1.5214,0.5528,1.5487,2.1079,0.7347
pre_onset,era5_bd_t2m_anom,-0.0833,-0.7197,0.5077,0.3131,0.8772,1.0903,0.8045
pre_onset,era5_bd_t850_anom,0.5636,-0.1062,1.2715,0.3515,0.9846,1.6101,0.6115
pre_onset,era5_bd_stab_t2m_minus_t850_anom,-0.6470,-1.5826,0.2187,0.4595,1.2874,1.7979,0.7161
pre_onset,era5_bd_thick_1000_500_anom,12.0817,-5.7886,30.2397,9.1911,25.7495,35.4348,0.7267
pre_onset,era5_bd_z500_anom,12.8357,-2.3190,30.8786,8.4689,23.7264,35.9311,0.6603
pre_onset,era5_bd_mslp_anom,0.0808,-0.9544,1.2133,0.5530,1.5493,2.1813,0.7102
pre_onset,era5_bd_u850_anom,0.1421,-0.6948,0.8626,0.3973,1.1131,1.7381,0.6404
pre_onset,era5_bd_v850_anom,0.6664,-0.1626,1.5079,0.4262,1.1939,1.5455,0.7725
pre_onset,era5_bd_wspd10_anom,-0.0800,-0.2853,0.1078,0.1003,0.2809,0.3862,0.7275
pre_onset,era5_sa_t850_anom,0.3162,-0.2921,0.9314,0.3121,0.8744,1.3141,0.6654
pre_onset,era5_sa_stab_t2m_minus_t850_anom,-0.3841,-0.8577,0.0903,0.2418,0.6775,0.9235,0.7336
pre_onset,era5_sa_z500_anom,3.5034,-6.7183,17.2761,6.1211,17.1489,27.3535,0.6269
pre_onset,era5_sa_mslp_anom,-0.2071,-1.3809,1.1168,0.6372,1.7851,2.6169,0.6821
pre_onset,era5_sa_u850_anom,0.1038,-0.3933,0.5160,0.2320,0.6499,0.9562,0.6797
pre_onset,era5_sa_v850_anom,0.2763,0.0223,0.5208,0.1272,0.3563,0.4194,0.8495
onset_0_2,nat_tmin_anom,-0.3527,-0.6820,-0.0445,0.1626,0.4556,0.7093,0.6424
onset_0_2,nat_tmax_anom,-0.7274,-1.4326,-0.0321,0.3573,1.0009,1.5130,0.6615
onset_0_2,nat_dtr_anom,-0.3761,-1.0263,0.2378,0.3225,0.9035,1.2831,0.7041
onset_0_2,era5_bd_t2m_anom,-0.2482,-0.5787,0.0934,0.1715,0.4804,0.8013,0.5995
onset_0_2,era5_bd_t850_anom,-0.2197,-1.0357,0.5622,0.4076,1.1420,1.8537,0.6161
onset_0_2,era5_bd_stab_t2m_minus_t850_anom,-0.0285,-0.8037,0.7141,0.3872,1.0848,1.6168,0.6709
onset_0_2,era5_bd_thick_1000_500_anom,1.4929,-16.5180,19.3898,9.1603,25.6634,38.4641,0.6672
onset_0_2,era5_bd_z500_anom,2.4394,-13.5775,17.9313,8.0381,22.5194,34.9878,0.6436
onset_0_2,era5_bd_mslp_anom,0.1324,-0.7947,1.0680,0.4752,1.3313,1.8392,0.7238
onset_0_2,era5_bd_u850_anom,0.8649,0.0766,1.6194,0.3936,1.1026,1.7029,0.6475
onset_0_2,era5_bd_v850_anom,0.0528,-0.4798,0.5698,0.2678,0.7502,0.9787,0.7665
onset_0_2,era5_bd_wspd10_anom,0.1533,0.0016,0.2998,0.0761,0.2131,0.2512,0.8483
onset_0_2,era5_sa_t850_anom,-0.2708,-0.8911,0.3601,0.3192,0.8942,1.3439,0.6654
onset_0_2,era5_sa_stab_t2m_minus_t850_anom,-0.3619,-0.8074,0.0847,0.2276,0.6376,0.8519,0.7484
onset_0_2,era5_sa_z500_anom,-0.0731,-11.1746,11.0296,5.6644,15.8694,24.6159,0.6447
onset_0_2,era5_sa_mslp_anom,0.3486,-0.8040,1.4383,0.5720,1.6026,2.3106,0.6936
onset_0_2,era5_sa_u850_anom,0.1643,-0.2220,0.5303,0.1919,0.5377,0.8307,0.6472
onset_0_2,era5_sa_v850_anom,-0.1598,-0.5748,0.2412,0.2082,0.5832,0.6656,0.8762
last_day,nat_tmin_anom,0.2496,-0.1585,0.6285,0.2008,0.5625,0.6923,0.8125
last_day,nat_tmax_anom,0.7414,-0.0887,1.4581,0.3946,1.1055,1.4660,0.7541
last_day,nat_dtr_anom,0.4918,-0.3112,1.2159,0.3896,1.0914,1.5483,0.7049
last_day,era5_bd_t2m_anom,0.1894,-0.2887,0.6389,0.2366,0.6630,0.8087,0.8198
last_day,era5_bd_t850_anom,0.0139,-0.7393,0.7376,0.3768,1.0555,1.5833,0.6667
last_day,era5_bd_stab_t2m_minus_t850_anom,0.1755,-0.5892,0.8573,0.3690,1.0338,1.6006,0.6459
last_day,era5_bd_thick_1000_500_anom,15.4384,-8.3018,38.6382,11.9747,33.5482,40.5395,0.8275
last_day,era5_bd_z500_anom,19.2565,-4.1206,42.1022,11.7917,33.0356,41.1868,0.8021
last_day,era5_bd_mslp_anom,0.4260,-0.7712,1.5541,0.5932,1.6619,2.1340,0.7788
last_day,era5_bd_u850_anom,0.1013,-1.2276,1.4076,0.6723,1.8834,2.4328,0.7742
last_day,era5_bd_v850_anom,-0.5415,-1.2313,0.2175,0.3696,1.0355,1.3520,0.7659
last_day,era5_bd_wspd10_anom,-0.0231,-0.2827,0.2131,0.1265,0.3543,0.3936,0.9002
last_day,era5_sa_t850_anom,0.6666,-0.1408,1.4255,0.3996,1.1194,1.3490,0.8298
last_day,era5_sa_stab_t2m_minus_t850_anom,-0.4594,-1.0646,0.1671,0.3142,0.8803,1.0049,0.8760
last_day,era5_sa_z500_anom,19.6624,4.5380,34.3784,7.6125,21.3270,32.7511,0.6512
last_day,era5_sa_mslp_anom,0.8454,-0.7324,2.2593,0.7632,2.1382,2.6925,0.7941
last_day,era5_sa_u850_anom,-0.0751,-0.5999,0.4240,0.2612,0.7318,1.0539,0.6944
last_day,era5_sa_v850_anom,-0.1378,-0.5850,0.2647,0.2168,0.6073,0.8434,0.7201
post_end,nat_tmin_anom,-0.2585,-0.6772,0.1782,0.2182,0.6114,0.8254,0.7407
post_end,nat_tmax_anom,0.1820,-0.9278,1.1345,0.5261,1.4739,1.7754,0.8302
post_end,nat_dtr_anom,0.4405,-0.6015,1.3429,0.4960,1.3897,1.9835,0.7006
post_end,era5_bd_t2m_anom,-0.2850,-0.6862,0.0896,0.1979,0.5545,0.7057,0.7857
post_end,era5_bd_t850_anom,0.0949,-0.7138,0.8605,0.4016,1.1252,1.6225,0.6935
post_end,era5_bd_stab_t2m_minus_t850_anom,-0.3798,-1.2071,0.4369,0.4194,1.1750,1.7607,0.6673
post_end,era5_bd_thick_1000_500_anom,3.6938,-17.3029,23.3856,10.3799,29.0802,39.3458,0.7391
post_end,era5_bd_z500_anom,8.5758,-10.7805,26.9410,9.6230,26.9597,40.2134,0.6704
post_end,era5_bd_mslp_anom,0.5668,-0.5639,1.7190,0.5824,1.6316,2.1361,0.7638
post_end,era5_bd_u850_anom,-0.2247,-1.4563,0.9943,0.6252,1.7515,2.1051,0.8320
post_end,era5_bd_v850_anom,-0.4760,-1.1305,0.1977,0.3388,0.9493,1.4523,0.6536
post_end,era5_bd_wspd10_anom,-0.0154,-0.2552,0.2123,0.1193,0.3341,0.3250,1.0282
post_end,era5_sa_t850_anom,0.5609,-0.1233,1.1875,0.3344,0.9368,1.3893,0.6743
post_end,era5_sa_stab_t2m_minus_t850_anom,-0.4562,-0.9230,-0.0066,0.2338,0.6550,0.8784,0.7457
post_end,era5_sa_z500_anom,14.9180,2.4495,27.7227,6.4474,18.0628,29.3879,0.6146
post_end,era5_sa_mslp_anom,0.8078,-0.6185,2.2087,0.7212,2.0206,2.4465,0.8259
post_end,era5_sa_u850_anom,-0.0898,-0.6588,0.4852,0.2918,0.8176,1.0306,0.7933
post_end,era5_sa_v850_anom,-0.0747,-0.3514,0.2033,0.1415,0.3964,0.6961,0.5696
