variable,label,unit,lag,n_events,mean,ci_low,ci_high
nat_tmin_anom,National Tmin,°C,-15,71,0.4871,0.0300,0.9482
siberian_high_std_anom,Siberian High,SD,-15,71,-0.0407,-0.2436,0.1590
ural_blocking_fraction_anom,Ural blocking,fraction,-15,71,-0.0138,-0.0421,0.0157
mech_nigp_adv850_k_day_anom,"Adv850, NW IGP",K d⁻¹,-15,71,0.2392,-0.0080,0.4735
mech_bd_adv850_k_day_anom,"Adv850, Bangladesh",K d⁻¹,-15,71,0.3919,0.0485,0.7306
era5_bd_v850_anom,"v850, Bangladesh",m s⁻¹,-15,71,0.5021,0.0634,0.9608
era5_sa_z500_anom,"Z500, South Asia",m,-15,71,-7.0602,-15.6715,1.8169
mech_jet200_core_lat_70_100e_anom,Jet latitude,°,-15,71,0.1995,-0.8372,1.3184
mech_jet200_core_speed_70_100e_anom,Jet speed,m s⁻¹,-15,71,-0.0108,-1.9994,1.9800
rrwp_asian_corridor_envelope_z_trailing3,Wave envelope,SD,-15,71,0.0866,-0.1192,0.3073
nam_proxy_100,NAM 100 hPa,SD,-15,71,0.3656,0.0165,0.6718
nam_proxy_10,NAM 10 hPa,SD,-15,71,0.3990,0.1332,0.6319
nat_tmin_anom,National Tmin,°C,-14,72,0.4986,0.0592,0.9268
siberian_high_std_anom,Siberian High,SD,-14,72,-0.1175,-0.3017,0.0794
ural_blocking_fraction_anom,Ural blocking,fraction,-14,72,-0.0132,-0.0430,0.0181
mech_nigp_adv850_k_day_anom,"Adv850, NW IGP",K d⁻¹,-14,72,0.3029,0.1088,0.5078
mech_bd_adv850_k_day_anom,"Adv850, Bangladesh",K d⁻¹,-14,72,0.2558,-0.0499,0.5627
era5_bd_v850_anom,"v850, Bangladesh",m s⁻¹,-14,72,0.4600,0.0944,0.8214
era5_sa_z500_anom,"Z500, South Asia",m,-14,72,-7.5344,-15.6960,0.8565
mech_jet200_core_lat_70_100e_anom,Jet latitude,°,-14,72,0.3144,-0.7806,1.5388
mech_jet200_core_speed_70_100e_anom,Jet speed,m s⁻¹,-14,72,0.1225,-1.8754,1.9879
rrwp_asian_corridor_envelope_z_trailing3,Wave envelope,SD,-14,72,0.0894,-0.1057,0.2814
nam_proxy_100,NAM 100 hPa,SD,-14,72,0.4135,0.0727,0.7187
nam_proxy_10,NAM 10 hPa,SD,-14,72,0.4264,0.1615,0.6535
nat_tmin_anom,National Tmin,°C,-13,72,0.3981,-0.1105,0.9043
siberian_high_std_anom,Siberian High,SD,-13,72,-0.1208,-0.3180,0.0870
ural_blocking_fraction_anom,Ural blocking,fraction,-13,72,-0.0019,-0.0376,0.0392
mech_nigp_adv850_k_day_anom,"Adv850, NW IGP",K d⁻¹,-13,72,0.1381,-0.1276,0.4048
mech_bd_adv850_k_day_anom,"Adv850, Bangladesh",K d⁻¹,-13,72,0.2657,-0.0898,0.6512
era5_bd_v850_anom,"v850, Bangladesh",m s⁻¹,-13,72,0.4621,0.0327,0.8997
era5_sa_z500_anom,"Z500, South Asia",m,-13,72,-9.1655,-16.1712,-2.5749
mech_jet200_core_lat_70_100e_anom,Jet latitude,°,-13,72,0.1777,-0.7460,1.1164
mech_jet200_core_speed_70_100e_anom,Jet speed,m s⁻¹,-13,72,0.8646,-1.3109,2.9010
rrwp_asian_corridor_envelope_z_trailing3,Wave envelope,SD,-13,72,0.0273,-0.1626,0.2128
nam_proxy_100,NAM 100 hPa,SD,-13,72,0.4270,0.0917,0.7290
nam_proxy_10,NAM 10 hPa,SD,-13,72,0.4352,0.1734,0.6593
nat_tmin_anom,National Tmin,°C,-12,72,0.3931,-0.0733,0.8851
siberian_high_std_anom,Siberian High,SD,-12,72,-0.1980,-0.4110,0.0113
ural_blocking_fraction_anom,Ural blocking,fraction,-12,72,0.0000,-0.0325,0.0381
mech_nigp_adv850_k_day_anom,"Adv850, NW IGP",K d⁻¹,-12,72,-0.0143,-0.2507,0.2246
mech_bd_adv850_k_day_anom,"Adv850, Bangladesh",K d⁻¹,-12,72,0.2974,0.0014,0.6323
era5_bd_v850_anom,"v850, Bangladesh",m s⁻¹,-12,72,0.5487,0.1610,0.9645
era5_sa_z500_anom,"Z500, South Asia",m,-12,72,-10.5092,-16.9537,-4.5155
mech_jet200_core_lat_70_100e_anom,Jet latitude,°,-12,72,-0.1903,-0.9434,0.5133
mech_jet200_core_speed_70_100e_anom,Jet speed,m s⁻¹,-12,72,1.1323,-1.3331,3.5211
rrwp_asian_corridor_envelope_z_trailing3,Wave envelope,SD,-12,72,-0.1033,-0.2963,0.0888
nam_proxy_100,NAM 100 hPa,SD,-12,72,0.4138,0.0880,0.7074
nam_proxy_10,NAM 10 hPa,SD,-12,72,0.4386,0.1821,0.6646
nat_tmin_anom,National Tmin,°C,-11,73,0.3814,-0.0490,0.8331
siberian_high_std_anom,Siberian High,SD,-11,73,-0.1807,-0.4029,0.0194
ural_blocking_fraction_anom,Ural blocking,fraction,-11,73,0.0002,-0.0352,0.0409
mech_nigp_adv850_k_day_anom,"Adv850, NW IGP",K d⁻¹,-11,73,0.0368,-0.1339,0.2113
mech_bd_adv850_k_day_anom,"Adv850, Bangladesh",K d⁻¹,-11,73,0.3566,0.0285,0.7527
era5_bd_v850_anom,"v850, Bangladesh",m s⁻¹,-11,73,0.2961,-0.0567,0.7093
era5_sa_z500_anom,"Z500, South Asia",m,-11,73,-8.8937,-15.6423,-1.7301
mech_jet200_core_lat_70_100e_anom,Jet latitude,°,-11,73,-0.3426,-1.0811,0.3293
mech_jet200_core_speed_70_100e_anom,Jet speed,m s⁻¹,-11,73,0.8653,-1.3297,2.9567
rrwp_asian_corridor_envelope_z_trailing3,Wave envelope,SD,-11,73,-0.1581,-0.3617,0.0504
nam_proxy_100,NAM 100 hPa,SD,-11,73,0.4018,0.0798,0.6796
nam_proxy_10,NAM 10 hPa,SD,-11,73,0.4447,0.1886,0.6715
nat_tmin_anom,National Tmin,°C,-10,73,0.4432,0.0185,0.9001
siberian_high_std_anom,Siberian High,SD,-10,73,-0.1831,-0.3967,0.0034
ural_blocking_fraction_anom,Ural blocking,fraction,-10,73,-0.0019,-0.0373,0.0366
mech_nigp_adv850_k_day_anom,"Adv850, NW IGP",K d⁻¹,-10,73,-0.1166,-0.3210,0.1160
mech_bd_adv850_k_day_anom,"Adv850, Bangladesh",K d⁻¹,-10,73,0.0957,-0.1902,0.3976
era5_bd_v850_anom,"v850, Bangladesh",m s⁻¹,-10,73,0.0487,-0.2814,0.4278
era5_sa_z500_anom,"Z500, South Asia",m,-10,73,-11.0589,-18.9009,-2.6426
mech_jet200_core_lat_70_100e_anom,Jet latitude,°,-10,73,0.1225,-0.7892,1.0829
mech_jet200_core_speed_70_100e_anom,Jet speed,m s⁻¹,-10,73,2.6115,0.7536,4.3618
rrwp_asian_corridor_envelope_z_trailing3,Wave envelope,SD,-10,73,-0.1007,-0.3111,0.1168
nam_proxy_100,NAM 100 hPa,SD,-10,73,0.4133,0.0887,0.6978
nam_proxy_10,NAM 10 hPa,SD,-10,73,0.4478,0.1955,0.6793
nat_tmin_anom,National Tmin,°C,-9,74,0.1770,-0.2436,0.5949
siberian_high_std_anom,Siberian High,SD,-9,74,-0.1085,-0.3361,0.1117
ural_blocking_fraction_anom,Ural blocking,fraction,-9,74,-0.0041,-0.0422,0.0392
mech_nigp_adv850_k_day_anom,"Adv850, NW IGP",K d⁻¹,-9,74,0.0039,-0.2345,0.2695
mech_bd_adv850_k_day_anom,"Adv850, Bangladesh",K d⁻¹,-9,74,0.2031,-0.2018,0.5894
era5_bd_v850_anom,"v850, Bangladesh",m s⁻¹,-9,74,0.3728,-0.1655,0.9031
era5_sa_z500_anom,"Z500, South Asia",m,-9,74,-14.6150,-23.1253,-5.3113
mech_jet200_core_lat_70_100e_anom,Jet latitude,°,-9,74,0.4135,-0.3467,1.2799
mech_jet200_core_speed_70_100e_anom,Jet speed,m s⁻¹,-9,74,3.5735,1.6056,5.3594
rrwp_asian_corridor_envelope_z_trailing3,Wave envelope,SD,-9,74,-0.0593,-0.2550,0.1438
nam_proxy_100,NAM 100 hPa,SD,-9,74,0.4305,0.0993,0.7272
nam_proxy_10,NAM 10 hPa,SD,-9,74,0.4242,0.1575,0.6713
nat_tmin_anom,National Tmin,°C,-8,74,-0.1042,-0.5252,0.3132
siberian_high_std_anom,Siberian High,SD,-8,74,-0.0221,-0.2579,0.2257
ural_blocking_fraction_anom,Ural blocking,fraction,-8,74,-0.0005,-0.0363,0.0393
mech_nigp_adv850_k_day_anom,"Adv850, NW IGP",K d⁻¹,-8,74,0.1259,-0.0623,0.3242
mech_bd_adv850_k_day_anom,"Adv850, Bangladesh",K d⁻¹,-8,74,-0.0182,-0.4045,0.3390
era5_bd_v850_anom,"v850, Bangladesh",m s⁻¹,-8,74,0.1308,-0.3327,0.5909
era5_sa_z500_anom,"Z500, South Asia",m,-8,74,-16.6776,-25.3741,-7.7418
mech_jet200_core_lat_70_100e_anom,Jet latitude,°,-8,74,-0.3398,-0.9265,0.2235
mech_jet200_core_speed_70_100e_anom,Jet speed,m s⁻¹,-8,74,4.0129,2.4349,5.5960
rrwp_asian_corridor_envelope_z_trailing3,Wave envelope,SD,-8,74,-0.0585,-0.2254,0.1206
nam_proxy_100,NAM 100 hPa,SD,-8,74,0.4520,0.1219,0.7513
nam_proxy_10,NAM 10 hPa,SD,-8,74,0.4367,0.1740,0.6833
nat_tmin_anom,National Tmin,°C,-7,76,-0.1218,-0.5529,0.3159
siberian_high_std_anom,Siberian High,SD,-7,76,-0.0006,-0.2384,0.2402
ural_blocking_fraction_anom,Ural blocking,fraction,-7,76,-0.0011,-0.0369,0.0432
mech_nigp_adv850_k_day_anom,"Adv850, NW IGP",K d⁻¹,-7,76,0.1295,-0.1153,0.3830
mech_bd_adv850_k_day_anom,"Adv850, Bangladesh",K d⁻¹,-7,76,0.1013,-0.2924,0.5034
era5_bd_v850_anom,"v850, Bangladesh",m s⁻¹,-7,76,0.2703,-0.2310,0.7502
era5_sa_z500_anom,"Z500, South Asia",m,-7,76,-19.6660,-29.2540,-9.9877
mech_jet200_core_lat_70_100e_anom,Jet latitude,°,-7,76,-0.0312,-0.7479,0.7093
mech_jet200_core_speed_70_100e_anom,Jet speed,m s⁻¹,-7,76,4.5750,3.0215,6.2320
rrwp_asian_corridor_envelope_z_trailing3,Wave envelope,SD,-7,76,-0.1120,-0.2672,0.0592
nam_proxy_100,NAM 100 hPa,SD,-7,76,0.4122,0.0969,0.7077
nam_proxy_10,NAM 10 hPa,SD,-7,76,0.4056,0.1558,0.6457
nat_tmin_anom,National Tmin,°C,-6,77,-0.0616,-0.4491,0.3296
siberian_high_std_anom,Siberian High,SD,-6,77,0.0624,-0.1304,0.2556
ural_blocking_fraction_anom,Ural blocking,fraction,-6,77,-0.0070,-0.0440,0.0371
mech_nigp_adv850_k_day_anom,"Adv850, NW IGP",K d⁻¹,-6,77,-0.2614,-0.4356,-0.0620
mech_bd_adv850_k_day_anom,"Adv850, Bangladesh",K d⁻¹,-6,77,0.1112,-0.2826,0.5000
era5_bd_v850_anom,"v850, Bangladesh",m s⁻¹,-6,77,0.1873,-0.1693,0.5036
era5_sa_z500_anom,"Z500, South Asia",m,-6,77,-20.9968,-28.6082,-13.3210
mech_jet200_core_lat_70_100e_anom,Jet latitude,°,-6,77,0.0120,-0.6314,0.6212
mech_jet200_core_speed_70_100e_anom,Jet speed,m s⁻¹,-6,77,4.1140,2.0959,6.1230
rrwp_asian_corridor_envelope_z_trailing3,Wave envelope,SD,-6,77,-0.0958,-0.2648,0.0893
nam_proxy_100,NAM 100 hPa,SD,-6,77,0.3984,0.0869,0.6917
nam_proxy_10,NAM 10 hPa,SD,-6,77,0.4225,0.1793,0.6571
nat_tmin_anom,National Tmin,°C,-5,78,0.1514,-0.2011,0.5467
siberian_high_std_anom,Siberian High,SD,-5,78,0.0547,-0.1673,0.2752
ural_blocking_fraction_anom,Ural blocking,fraction,-5,78,-0.0001,-0.0348,0.0407
mech_nigp_adv850_k_day_anom,"Adv850, NW IGP",K d⁻¹,-5,78,-0.1190,-0.3596,0.1267
mech_bd_adv850_k_day_anom,"Adv850, Bangladesh",K d⁻¹,-5,78,0.1942,-0.2470,0.6666
era5_bd_v850_anom,"v850, Bangladesh",m s⁻¹,-5,78,0.2183,-0.2315,0.6646
era5_sa_z500_anom,"Z500, South Asia",m,-5,78,-20.7365,-27.1161,-14.3767
mech_jet200_core_lat_70_100e_anom,Jet latitude,°,-5,78,0.5041,-0.3433,1.4126
mech_jet200_core_speed_70_100e_anom,Jet speed,m s⁻¹,-5,78,4.5777,2.4151,6.6750
rrwp_asian_corridor_envelope_z_trailing3,Wave envelope,SD,-5,78,-0.1007,-0.2835,0.0964
nam_proxy_100,NAM 100 hPa,SD,-5,78,0.4008,0.0925,0.6858
nam_proxy_10,NAM 10 hPa,SD,-5,78,0.4222,0.1800,0.6508
nat_tmin_anom,National Tmin,°C,-4,78,-0.2374,-0.5906,0.1419
siberian_high_std_anom,Siberian High,SD,-4,78,0.0875,-0.1173,0.2990
ural_blocking_fraction_anom,Ural blocking,fraction,-4,78,0.0103,-0.0282,0.0547
mech_nigp_adv850_k_day_anom,"Adv850, NW IGP",K d⁻¹,-4,78,-0.0161,-0.2348,0.2015
mech_bd_adv850_k_day_anom,"Adv850, Bangladesh",K d⁻¹,-4,78,-0.0001,-0.3722,0.3329
era5_bd_v850_anom,"v850, Bangladesh",m s⁻¹,-4,78,-0.0183,-0.3484,0.3458
era5_sa_z500_anom,"Z500, South Asia",m,-4,78,-20.9574,-27.1831,-14.5960
mech_jet200_core_lat_70_100e_anom,Jet latitude,°,-4,78,0.0335,-0.5406,0.6238
mech_jet200_core_speed_70_100e_anom,Jet speed,m s⁻¹,-4,78,4.4096,2.1658,6.7177
rrwp_asian_corridor_envelope_z_trailing3,Wave envelope,SD,-4,78,-0.1115,-0.2848,0.0611
nam_proxy_100,NAM 100 hPa,SD,-4,78,0.4110,0.1009,0.6939
nam_proxy_10,NAM 10 hPa,SD,-4,78,0.4250,0.1826,0.6532
nat_tmin_anom,National Tmin,°C,-3,78,-0.1390,-0.4900,0.2376
siberian_high_std_anom,Siberian High,SD,-3,78,0.1545,-0.0369,0.3376
ural_blocking_fraction_anom,Ural blocking,fraction,-3,78,0.0117,-0.0283,0.0578
mech_nigp_adv850_k_day_anom,"Adv850, NW IGP",K d⁻¹,-3,78,-0.3769,-0.6362,-0.1140
mech_bd_adv850_k_day_anom,"Adv850, Bangladesh",K d⁻¹,-3,78,-0.1295,-0.4842,0.2221
era5_bd_v850_anom,"v850, Bangladesh",m s⁻¹,-3,78,0.0844,-0.2979,0.4447
era5_sa_z500_anom,"Z500, South Asia",m,-3,78,-25.0373,-31.3322,-18.4960
mech_jet200_core_lat_70_100e_anom,Jet latitude,°,-3,78,0.2000,-0.2823,0.7520
mech_jet200_core_speed_70_100e_anom,Jet speed,m s⁻¹,-3,78,5.0100,2.8185,7.2298
rrwp_asian_corridor_envelope_z_trailing3,Wave envelope,SD,-3,78,-0.1288,-0.3015,0.0377
nam_proxy_100,NAM 100 hPa,SD,-3,78,0.4114,0.0889,0.7055
nam_proxy_10,NAM 10 hPa,SD,-3,78,0.4176,0.1673,0.6496
nat_tmin_anom,National Tmin,°C,-2,82,-0.0778,-0.4431,0.3252
siberian_high_std_anom,Siberian High,SD,-2,82,0.2743,0.0560,0.4729
ural_blocking_fraction_anom,Ural blocking,fraction,-2,82,0.0072,-0.0347,0.0534
mech_nigp_adv850_k_day_anom,"Adv850, NW IGP",K d⁻¹,-2,82,-0.7454,-0.9220,-0.5528
mech_bd_adv850_k_day_anom,"Adv850, Bangladesh",K d⁻¹,-2,82,-0.1729,-0.4868,0.1355
era5_bd_v850_anom,"v850, Bangladesh",m s⁻¹,-2,82,0.1612,-0.2256,0.5635
era5_sa_z500_anom,"Z500, South Asia",m,-2,82,-28.1378,-33.7041,-21.9119
mech_jet200_core_lat_70_100e_anom,Jet latitude,°,-2,82,-0.3560,-0.8646,0.2213
mech_jet200_core_speed_70_100e_anom,Jet speed,m s⁻¹,-2,82,4.5689,2.5056,6.6030
rrwp_asian_corridor_envelope_z_trailing3,Wave envelope,SD,-2,82,-0.0829,-0.2529,0.0883
nam_proxy_100,NAM 100 hPa,SD,-2,82,0.3574,0.0125,0.6775
nam_proxy_10,NAM 10 hPa,SD,-2,82,0.3764,0.1035,0.6320
nat_tmin_anom,National Tmin,°C,-1,83,-0.6714,-0.8651,-0.4623
siberian_high_std_anom,Siberian High,SD,-1,83,0.2175,-0.0250,0.4447
ural_blocking_fraction_anom,Ural blocking,fraction,-1,83,0.0011,-0.0365,0.0465
mech_nigp_adv850_k_day_anom,"Adv850, NW IGP",K d⁻¹,-1,83,-0.5409,-0.7243,-0.3407
mech_bd_adv850_k_day_anom,"Adv850, Bangladesh",K d⁻¹,-1,83,-0.4073,-0.7435,-0.0469
era5_bd_v850_anom,"v850, Bangladesh",m s⁻¹,-1,83,-0.1441,-0.5240,0.2595
era5_sa_z500_anom,"Z500, South Asia",m,-1,83,-24.2641,-29.2553,-18.6444
mech_jet200_core_lat_70_100e_anom,Jet latitude,°,-1,83,-0.2242,-0.7437,0.3280
mech_jet200_core_speed_70_100e_anom,Jet speed,m s⁻¹,-1,83,3.5044,1.5216,5.2839
rrwp_asian_corridor_envelope_z_trailing3,Wave envelope,SD,-1,83,-0.0406,-0.1957,0.1294
nam_proxy_100,NAM 100 hPa,SD,-1,83,0.3882,0.0427,0.7075
nam_proxy_10,NAM 10 hPa,SD,-1,83,0.3595,0.0819,0.6158
nat_tmin_anom,National Tmin,°C,0,85,-2.4165,-2.5836,-2.2548
siberian_high_std_anom,Siberian High,SD,0,85,-0.0211,-0.2705,0.2371
ural_blocking_fraction_anom,Ural blocking,fraction,0,85,-0.0135,-0.0442,0.0213
mech_nigp_adv850_k_day_anom,"Adv850, NW IGP",K d⁻¹,0,85,0.2877,0.0627,0.5248
mech_bd_adv850_k_day_anom,"Adv850, Bangladesh",K d⁻¹,0,85,-1.1187,-1.3724,-0.8752
era5_bd_v850_anom,"v850, Bangladesh",m s⁻¹,0,85,-1.0303,-1.2901,-0.7748
era5_sa_z500_anom,"Z500, South Asia",m,0,85,-16.5287,-21.7750,-10.9455
mech_jet200_core_lat_70_100e_anom,Jet latitude,°,0,85,0.0016,-0.7155,0.7664
mech_jet200_core_speed_70_100e_anom,Jet speed,m s⁻¹,0,85,3.3817,1.1945,5.3664
rrwp_asian_corridor_envelope_z_trailing3,Wave envelope,SD,0,85,-0.0183,-0.1750,0.1516
nam_proxy_100,NAM 100 hPa,SD,0,85,0.4278,0.0925,0.7362
nam_proxy_10,NAM 10 hPa,SD,0,85,0.3654,0.0893,0.6115
nat_tmin_anom,National Tmin,°C,1,85,-3.1179,-3.2819,-2.9511
siberian_high_std_anom,Siberian High,SD,1,85,-0.0902,-0.3418,0.1710
ural_blocking_fraction_anom,Ural blocking,fraction,1,85,-0.0112,-0.0442,0.0265
mech_nigp_adv850_k_day_anom,"Adv850, NW IGP",K d⁻¹,1,85,0.3011,0.1115,0.5081
mech_bd_adv850_k_day_anom,"Adv850, Bangladesh",K d⁻¹,1,85,-1.2843,-1.5610,-1.0446
era5_bd_v850_anom,"v850, Bangladesh",m s⁻¹,1,85,-1.1041,-1.3293,-0.8889
era5_sa_z500_anom,"Z500, South Asia",m,1,85,-13.0007,-19.1188,-6.1014
mech_jet200_core_lat_70_100e_anom,Jet latitude,°,1,85,0.3541,-0.2615,0.9340
mech_jet200_core_speed_70_100e_anom,Jet speed,m s⁻¹,1,85,5.8488,3.5029,8.0560
rrwp_asian_corridor_envelope_z_trailing3,Wave envelope,SD,1,85,-0.0123,-0.1753,0.1573
nam_proxy_100,NAM 100 hPa,SD,1,85,0.4414,0.1124,0.7437
nam_proxy_10,NAM 10 hPa,SD,1,85,0.3597,0.0909,0.6048
nat_tmin_anom,National Tmin,°C,2,85,-2.9638,-3.1776,-2.7398
siberian_high_std_anom,Siberian High,SD,2,85,0.0455,-0.2230,0.3306
ural_blocking_fraction_anom,Ural blocking,fraction,2,85,-0.0049,-0.0416,0.0386
mech_nigp_adv850_k_day_anom,"Adv850, NW IGP",K d⁻¹,2,85,0.2426,0.0283,0.4514
mech_bd_adv850_k_day_anom,"Adv850, Bangladesh",K d⁻¹,2,85,-0.8534,-1.2221,-0.5035
era5_bd_v850_anom,"v850, Bangladesh",m s⁻¹,2,85,-0.8334,-1.1582,-0.5325
era5_sa_z500_anom,"Z500, South Asia",m,2,85,-10.9931,-18.4188,-2.8846
mech_jet200_core_lat_70_100e_anom,Jet latitude,°,2,85,0.6866,0.0809,1.3171
mech_jet200_core_speed_70_100e_anom,Jet speed,m s⁻¹,2,85,5.7880,4.0041,7.3939
rrwp_asian_corridor_envelope_z_trailing3,Wave envelope,SD,2,85,-0.0082,-0.1701,0.1615
nam_proxy_100,NAM 100 hPa,SD,2,85,0.4502,0.1283,0.7529
nam_proxy_10,NAM 10 hPa,SD,2,85,0.3525,0.0902,0.5971
nat_tmin_anom,National Tmin,°C,3,84,-2.2039,-2.4374,-1.9774
siberian_high_std_anom,Siberian High,SD,3,84,0.1367,-0.1066,0.3972
ural_blocking_fraction_anom,Ural blocking,fraction,3,84,-0.0161,-0.0480,0.0226
mech_nigp_adv850_k_day_anom,"Adv850, NW IGP",K d⁻¹,3,84,0.1880,0.0087,0.3818
mech_bd_adv850_k_day_anom,"Adv850, Bangladesh",K d⁻¹,3,84,-0.4899,-0.8312,-0.1884
era5_bd_v850_anom,"v850, Bangladesh",m s⁻¹,3,84,-0.3935,-0.7466,-0.0336
era5_sa_z500_anom,"Z500, South Asia",m,3,84,-7.2333,-14.5346,0.4920
mech_jet200_core_lat_70_100e_anom,Jet latitude,°,3,84,1.1453,0.5284,1.8024
mech_jet200_core_speed_70_100e_anom,Jet speed,m s⁻¹,3,84,5.3018,3.4831,7.1399
rrwp_asian_corridor_envelope_z_trailing3,Wave envelope,SD,3,84,0.0053,-0.1384,0.1563
nam_proxy_100,NAM 100 hPa,SD,3,84,0.4681,0.1321,0.7838
nam_proxy_10,NAM 10 hPa,SD,3,84,0.3438,0.0793,0.5925
nat_tmin_anom,National Tmin,°C,4,83,-1.7432,-2.0011,-1.4894
siberian_high_std_anom,Siberian High,SD,4,83,0.0280,-0.2004,0.2924
ural_blocking_fraction_anom,Ural blocking,fraction,4,83,-0.0134,-0.0522,0.0324
mech_nigp_adv850_k_day_anom,"Adv850, NW IGP",K d⁻¹,4,83,0.1878,-0.0816,0.4741
mech_bd_adv850_k_day_anom,"Adv850, Bangladesh",K d⁻¹,4,83,-0.3367,-0.7204,0.0321
era5_bd_v850_anom,"v850, Bangladesh",m s⁻¹,4,83,-0.3394,-0.7761,0.0874
era5_sa_z500_anom,"Z500, South Asia",m,4,83,-3.7487,-10.8700,3.5714
mech_jet200_core_lat_70_100e_anom,Jet latitude,°,4,83,0.9874,0.2130,1.7914
mech_jet200_core_speed_70_100e_anom,Jet speed,m s⁻¹,4,83,4.5448,2.5159,6.6505
rrwp_asian_corridor_envelope_z_trailing3,Wave envelope,SD,4,83,0.0718,-0.0665,0.2362
nam_proxy_100,NAM 100 hPa,SD,4,83,0.4638,0.1238,0.7836
nam_proxy_10,NAM 10 hPa,SD,4,83,0.3348,0.0655,0.5917
nat_tmin_anom,National Tmin,°C,5,81,-1.3475,-1.6884,-0.9821
siberian_high_std_anom,Siberian High,SD,5,81,-0.0325,-0.2805,0.2337
ural_blocking_fraction_anom,Ural blocking,fraction,5,81,-0.0147,-0.0499,0.0267
mech_nigp_adv850_k_day_anom,"Adv850, NW IGP",K d⁻¹,5,81,0.0538,-0.1693,0.2988
mech_bd_adv850_k_day_anom,"Adv850, Bangladesh",K d⁻¹,5,81,-0.3847,-0.7047,-0.0632
era5_bd_v850_anom,"v850, Bangladesh",m s⁻¹,5,81,-0.4610,-0.8146,-0.1014
era5_sa_z500_anom,"Z500, South Asia",m,5,81,-3.1756,-10.3118,4.0502
mech_jet200_core_lat_70_100e_anom,Jet latitude,°,5,81,0.0146,-0.7433,0.7857
mech_jet200_core_speed_70_100e_anom,Jet speed,m s⁻¹,5,81,2.9645,0.9860,4.8784
rrwp_asian_corridor_envelope_z_trailing3,Wave envelope,SD,5,81,0.1374,-0.0299,0.3313
nam_proxy_100,NAM 100 hPa,SD,5,81,0.4473,0.1088,0.7647
nam_proxy_10,NAM 10 hPa,SD,5,81,0.3358,0.0568,0.6007
