variable,cold_day_mean,cold_night_mean,difference,ci_low,ci_high,p_bootstrap,n_a,n_b,n_boot_valid,q_fdr
nat_tmin_anom,0.5355,-2.6191,3.1546,2.7187,3.6575,0.0000,39,50,5000,0.0000
nat_tmax_anom,-3.1407,-0.7529,-2.3878,-2.7786,-1.9726,0.0000,39,50,5000,0.0000
nat_dtr_anom,-3.6777,1.8672,-5.5449,-6.0321,-5.1013,0.0000,39,50,5000,0.0000
era5_bd_t2m_anom,0.1840,-1.9137,2.0977,1.6656,2.5505,0.0000,39,50,5000,0.0000
era5_bd_t850_anom,-0.5161,-1.3225,0.8063,0.2762,1.3519,0.0032,39,50,5000,0.0064
era5_bd_stab_t2m_minus_t850_anom,0.7002,-0.5913,1.2914,0.7657,1.7977,0.0000,39,50,5000,0.0000
era5_bd_z500_anom,-7.4939,-13.4633,5.9694,-9.2439,21.3037,0.4480,39,50,5000,0.6969
era5_bd_mslp_anom,0.3179,0.0810,0.2369,-0.5981,1.0909,0.6040,39,50,5000,0.7112
era5_bd_u850_anom,-0.1831,-0.0310,-0.1521,-0.8529,0.4795,0.6556,39,50,5000,0.7112
era5_bd_v850_anom,0.8659,-0.8924,1.7584,1.1478,2.4010,0.0000,39,50,5000,0.0000
era5_bd_wspd10_anom,0.0785,0.1773,-0.0988,-0.2046,0.0090,0.0732,39,50,5000,0.1281
era5_sa_z500_anom,-5.5515,-8.3378,2.7863,-9.3432,15.2557,0.6604,39,50,5000,0.7112
era5_sa_mslp_anom,0.2148,-0.1090,0.3238,-0.6729,1.3043,0.5200,39,50,5000,0.7112
era5_sa_t850_anom,-0.5280,-0.6032,0.0752,-0.3439,0.5128,0.7192,39,50,5000,0.7192
