predictor,odds_ratio_per_sd,ci_low,ci_high,p_bootstrap,n_rows,n_terminations,q_fdr_family
cld_strd_wm2_anom,2.1393,1.4297,3.6358,0.0010,260,85,0.0035
cld_ssrd_wm2_anom,0.9457,0.5974,1.5848,0.8250,260,85,0.8885
cld_tcc_mean_anom,1.3234,0.9344,2.0376,0.1090,260,85,0.1908
cld_tcc_00utc_anom,0.9075,0.5605,1.3225,0.5910,260,85,0.6895
cld_lowcloud1000_frac_00utc_anom,0.8705,0.6206,1.1842,0.3440,260,85,0.4816
cld_fog300_frac_00utc_anom,0.9956,0.6672,1.5678,0.9820,260,85,0.9820
cld_td2m_mean_anom,3.4437,2.1769,8.7360,0.0000,260,85,0.0000
cld_dpd_00utc_anom,0.7652,0.5123,1.0631,0.0990,260,85,0.1908
cld_blh_06utc_anom,1.1333,0.7610,1.5798,0.4620,260,85,0.5880
cld_strd_wm2_tend,1.9758,1.5318,3.1026,0.0000,260,85,0.0000
cld_tcc_mean_tend,1.4655,1.0965,2.2239,0.0110,260,85,0.0308
cld_lowcloud1000_frac_00utc_tend,0.7265,0.5134,0.9340,0.0170,260,85,0.0397
cld_td2m_mean_tend,2.2524,1.5136,4.2342,0.0000,260,85,0.0000
cld_dpd_00utc_tend,0.7786,0.5416,1.1392,0.1750,260,85,0.2722
