event_id,winter_start_year,start_date,end_date,duration_days,peak_cold_area,mean_cold_area,overlaps_cold_night_spell
BDTX10A_1985_01,1985,1985-12-30,1986-01-01,3,0.3246,0.3047,False
BDTX10A_1986_01,1986,1987-02-03,1987-02-05,3,0.3983,0.2933,False
BDTX10A_1988_01,1988,1989-02-19,1989-02-24,6,0.9647,0.5341,True
BDTX10A_1990_01,1990,1991-01-02,1991-01-04,3,0.5075,0.4170,False
BDTX10A_1991_01,1991,1991-12-01,1991-12-06,6,0.8108,0.5305,True
BDTX10A_1991_02,1991,1991-12-25,1992-01-03,10,1.0000,0.8236,True
BDTX10A_1991_03,1991,1992-02-08,1992-02-16,9,0.8487,0.5124,False
BDTX10A_1991_04,1991,1992-02-21,1992-02-29,9,0.8400,0.6098,True
BDTX10A_1992_01,1992,1992-12-01,1992-12-07,7,0.6375,0.4286,True
BDTX10A_1992_02,1992,1993-01-20,1993-01-22,3,0.6213,0.4216,True
BDTX10A_1992_03,1992,1993-02-20,1993-02-24,5,0.9679,0.6849,True
BDTX10A_1993_01,1993,1994-01-16,1994-01-18,3,0.5709,0.5035,False
BDTX10A_1993_02,1993,1994-01-31,1994-02-04,5,0.9207,0.6096,False
BDTX10A_1993_03,1993,1994-02-09,1994-02-11,3,0.9230,0.6691,False
BDTX10A_1993_04,1993,1994-02-22,1994-02-25,4,0.7832,0.7320,True
BDTX10A_1994_01,1994,1995-02-23,1995-02-27,5,0.7411,0.5055,False
BDTX10A_1995_01,1995,1995-12-03,1995-12-05,3,0.4467,0.4217,True
BDTX10A_1996_01,1996,1997-01-21,1997-01-26,6,0.7654,0.5351,True
BDTX10A_1996_02,1996,1997-02-07,1997-02-10,4,1.0000,0.6786,True
BDTX10A_1997_01,1997,1997-12-01,1997-12-04,4,0.5098,0.3334,False
BDTX10A_1997_02,1997,1997-12-09,1997-12-15,7,1.0000,0.7230,False
BDTX10A_1997_03,1997,1997-12-20,1997-12-25,6,0.8430,0.5012,True
BDTX10A_1997_04,1997,1998-01-03,1998-01-11,9,0.9075,0.6722,False
BDTX10A_1999_01,1999,2000-02-05,2000-02-07,3,0.7369,0.6037,False
BDTX10A_1999_02,1999,2000-02-16,2000-02-18,3,0.5384,0.3862,True
BDTX10A_2000_01,2000,2000-12-02,2000-12-05,4,0.4990,0.4197,True
BDTX10A_2001_01,2001,2001-12-01,2001-12-08,8,0.3814,0.2832,False
BDTX10A_2001_02,2001,2002-01-28,2002-01-30,3,0.7496,0.4691,False
BDTX10A_2002_01,2002,2003-01-07,2003-01-16,10,0.9006,0.6171,False
BDTX10A_2002_02,2002,2003-01-21,2003-01-24,4,0.6557,0.3879,True
BDTX10A_2003_01,2003,2003-12-28,2004-01-06,10,0.9432,0.6354,False
BDTX10A_2003_02,2003,2004-02-03,2004-02-08,6,0.9148,0.5960,True
BDTX10A_2006_01,2006,2007-01-04,2007-01-07,4,0.6610,0.4899,True
BDTX10A_2006_02,2006,2007-02-12,2007-02-17,6,1.0000,0.6306,False
BDTX10A_2007_01,2007,2008-01-23,2008-02-03,12,1.0000,0.7960,True
BDTX10A_2007_02,2007,2008-02-09,2008-02-17,9,1.0000,0.8138,True
BDTX10A_2007_03,2007,2008-02-19,2008-02-21,3,0.8532,0.4864,False
BDTX10A_2008_01,2008,2008-12-15,2008-12-21,7,0.7681,0.4991,False
BDTX10A_2009_01,2009,2009-12-10,2009-12-12,3,0.5959,0.4305,False
BDTX10A_2009_02,2009,2010-01-16,2010-01-20,5,0.9412,0.6338,False
BDTX10A_2010_01,2010,2011-01-11,2011-01-14,4,0.9472,0.8941,True
BDTX10A_2011_01,2011,2011-12-14,2011-12-24,11,1.0000,0.8136,True
BDTX10A_2012_01,2012,2012-12-08,2012-12-11,4,0.3858,0.2845,True
BDTX10A_2012_02,2012,2012-12-19,2012-12-31,13,1.0000,0.5886,True
BDTX10A_2012_03,2012,2013-01-08,2013-01-11,4,0.9457,0.6507,True
BDTX10A_2012_04,2012,2013-02-16,2013-02-19,4,0.8212,0.5527,False
BDTX10A_2013_01,2013,2013-12-25,2013-12-29,5,0.6897,0.4689,False
BDTX10A_2013_02,2013,2014-01-14,2014-01-17,4,0.7313,0.4770,False
BDTX10A_2013_03,2013,2014-02-15,2014-02-18,4,1.0000,0.8874,True
BDTX10A_2014_01,2014,2014-12-07,2014-12-13,7,0.8889,0.5285,False
BDTX10A_2014_02,2014,2015-01-18,2015-01-20,3,0.8904,0.7902,False
BDTX10A_2014_03,2014,2015-01-30,2015-02-01,3,0.5002,0.3791,True
BDTX10A_2015_01,2015,2016-01-20,2016-01-26,7,0.8248,0.5814,True
BDTX10A_2017_01,2017,2017-12-08,2017-12-11,4,0.7673,0.4465,False
BDTX10A_2017_02,2017,2018-01-11,2018-01-16,6,0.7072,0.5031,True
BDTX10A_2018_01,2018,2018-12-17,2018-12-19,3,0.8477,0.5729,False
BDTX10A_2018_02,2018,2019-02-25,2019-02-28,4,0.9747,0.7530,False
BDTX10A_2019_01,2019,2019-12-18,2019-12-23,6,0.9955,0.7330,False
BDTX10A_2019_02,2019,2019-12-25,2019-12-28,4,0.9523,0.5590,False
BDTX10A_2019_03,2019,2020-02-25,2020-02-27,3,0.7720,0.5924,False
BDTX10A_2020_01,2020,2020-12-07,2020-12-12,6,0.9187,0.5918,False
BDTX10A_2020_02,2020,2021-01-26,2021-01-28,3,0.3756,0.2827,False
BDTX10A_2020_03,2020,2021-01-30,2021-02-01,3,0.7679,0.5387,True
BDTX10A_2021_01,2021,2021-12-04,2021-12-07,4,0.8825,0.6095,False
BDTX10A_2021_02,2021,2022-01-27,2022-01-31,5,0.9290,0.6156,True
BDTX10A_2021_03,2021,2022-02-04,2022-02-08,5,0.8745,0.7102,True
BDTX10A_2021_04,2021,2022-02-10,2022-02-12,3,0.6943,0.5469,True
BDTX10A_2022_01,2022,2022-12-29,2022-12-31,3,0.3226,0.2820,False
BDTX10A_2022_02,2022,2023-01-03,2023-01-07,5,0.5360,0.4313,False
BDTX10A_2023_01,2023,2024-01-12,2024-01-18,7,0.8000,0.6967,False
BDTX10A_2023_02,2023,2024-01-21,2024-01-25,5,0.8451,0.4669,False
BDTX10A_2024_01,2024,2024-12-09,2024-12-13,5,0.5212,0.3472,True
BDTX10A_2024_02,2024,2025-01-01,2025-01-03,3,0.6139,0.4780,False
