event_id,winter_label,start_date,end_date,duration_days,peak_coverage_date,event_strength_rank,robustness_class,onset_date,tropospheric_window_start,tropospheric_window_end,stratospheric_window_start,stratospheric_window_end
BDP10A_1985_01,1985/86,1985-12-03,1985-12-06,4,1985-12-04,81,moderate,1985-12-03,1985-11-23,1985-12-13,1985-10-19,1985-12-08
BDP10A_1985_02,1985/86,1986-02-17,1986-02-21,5,1986-02-19,30,high,1986-02-17,1986-02-07,1986-02-27,1986-01-03,1986-02-22
BDP10A_1985_03,1985/86,1986-02-25,1986-02-28,4,1986-02-26,35,high,1986-02-25,1986-02-15,1986-03-07,1986-01-11,1986-03-02
BDP10A_1986_01,1986/87,1987-01-02,1987-01-04,3,1987-01-02,55,moderate,1987-01-02,1986-12-23,1987-01-12,1986-11-18,1987-01-07
BDP10A_1988_01,1988/89,1989-01-11,1989-01-16,6,1989-01-13,18,high,1989-01-11,1989-01-01,1989-01-21,1988-11-27,1989-01-16
BDP10A_1988_02,1988/89,1989-01-18,1989-01-21,4,1989-01-19,47,high,1989-01-18,1989-01-08,1989-01-28,1988-12-04,1989-01-23
BDP10A_1988_03,1988/89,1989-01-26,1989-02-01,7,1989-01-30,40,high,1989-01-26,1989-01-16,1989-02-05,1988-12-12,1989-01-31
BDP10A_1988_04,1988/89,1989-02-20,1989-02-27,8,1989-02-21,3,moderate,1989-02-20,1989-02-10,1989-03-02,1989-01-06,1989-02-25
BDP10A_1989_01,1989/90,1989-12-02,1989-12-14,13,1989-12-06,1,high,1989-12-02,1989-11-22,1989-12-12,1989-10-18,1989-12-07
BDP10A_1989_02,1989/90,1989-12-28,1990-01-08,12,1990-01-02,9,high,1989-12-28,1989-12-18,1990-01-07,1989-11-13,1990-01-02
BDP10A_1989_03,1989/90,1990-01-10,1990-01-12,3,1990-01-10,80,moderate,1990-01-10,1989-12-31,1990-01-20,1989-11-26,1990-01-15
BDP10A_1990_01,1990/91,1991-01-16,1991-01-22,7,1991-01-21,25,high,1991-01-16,1991-01-06,1991-01-26,1990-12-02,1991-01-21
BDP10A_1991_01,1991/92,1991-12-01,1991-12-07,7,1991-12-02,4,high,1991-12-01,1991-11-21,1991-12-11,1991-10-17,1991-12-06
BDP10A_1991_02,1991/92,1991-12-29,1991-12-31,3,1991-12-30,57,moderate,1991-12-29,1991-12-19,1992-01-08,1991-11-14,1992-01-03
BDP10A_1991_03,1991/92,1992-01-02,1992-01-07,6,1992-01-03,36,high,1992-01-02,1991-12-23,1992-01-12,1991-11-18,1992-01-07
BDP10A_1991_04,1991/92,1992-02-25,1992-02-27,3,1992-02-27,43,moderate,1992-02-25,1992-02-15,1992-03-06,1992-01-11,1992-03-01
BDP10A_1992_01,1992/93,1992-12-06,1992-12-22,17,1992-12-08,5,moderate,1992-12-06,1992-11-26,1992-12-16,1992-10-22,1992-12-11
BDP10A_1992_02,1992/93,1993-01-20,1993-01-28,9,1993-01-22,7,high,1993-01-20,1993-01-10,1993-01-30,1992-12-06,1993-01-25
BDP10A_1992_03,1992/93,1993-02-23,1993-02-25,3,1993-02-24,23,moderate,1993-02-23,1993-02-13,1993-03-05,1993-01-09,1993-02-28
BDP10A_1993_01,1993/94,1994-02-24,1994-02-27,4,1994-02-26,28,high,1994-02-24,1994-02-14,1994-03-06,1994-01-10,1994-03-01
BDP10A_1994_01,1994/95,1994-12-12,1994-12-18,7,1994-12-14,10,high,1994-12-12,1994-12-02,1994-12-22,1994-10-28,1994-12-17
BDP10A_1994_02,1994/95,1994-12-21,1994-12-24,4,1994-12-23,69,high,1994-12-21,1994-12-11,1994-12-31,1994-11-06,1994-12-26
BDP10A_1994_03,1994/95,1995-01-02,1995-01-06,5,1995-01-03,12,high,1995-01-02,1994-12-23,1995-01-12,1994-11-18,1995-01-07
BDP10A_1994_04,1994/95,1995-01-23,1995-01-31,9,1995-01-25,12,high,1995-01-23,1995-01-13,1995-02-02,1994-12-09,1995-01-28
BDP10A_1995_01,1995/96,1995-12-03,1995-12-05,3,1995-12-04,76,low,1995-12-03,1995-11-23,1995-12-13,1995-10-19,1995-12-08
BDP10A_1995_02,1995/96,1996-01-30,1996-02-01,3,1996-01-31,62,moderate,1996-01-30,1996-01-20,1996-02-09,1995-12-16,1996-02-04
BDP10A_1995_03,1995/96,1996-02-17,1996-02-19,3,1996-02-19,84,low,1996-02-17,1996-02-07,1996-02-27,1996-01-03,1996-02-22
BDP10A_1996_01,1996/97,1996-12-08,1996-12-14,7,1996-12-10,22,high,1996-12-08,1996-11-28,1996-12-18,1996-10-24,1996-12-13
BDP10A_1996_02,1996/97,1997-01-18,1997-01-20,3,1997-01-19,67,moderate,1997-01-18,1997-01-08,1997-01-28,1996-12-04,1997-01-23
BDP10A_1996_03,1996/97,1997-01-23,1997-01-31,9,1997-01-26,11,high,1997-01-23,1997-01-13,1997-02-02,1996-12-09,1997-01-28
BDP10A_1996_04,1996/97,1997-02-07,1997-02-11,5,1997-02-08,17,high,1997-02-07,1997-01-28,1997-02-17,1996-12-24,1997-02-12
BDP10A_1996_05,1996/97,1997-02-22,1997-02-25,4,1997-02-24,39,moderate,1997-02-22,1997-02-12,1997-03-04,1997-01-08,1997-02-27
BDP10A_1997_01,1997/98,1997-12-21,1997-12-25,5,1997-12-23,58,high,1997-12-21,1997-12-11,1997-12-31,1997-11-06,1997-12-26
BDP10A_1997_02,1997/98,1998-02-09,1998-02-11,3,1998-02-10,70,low,1998-02-09,1998-01-30,1998-02-19,1997-12-26,1998-02-14
BDP10A_1999_01,1999/00,2000-01-07,2000-01-10,4,2000-01-08,55,high,2000-01-07,1999-12-28,2000-01-17,1999-11-23,2000-01-12
BDP10A_1999_02,1999/00,2000-02-15,2000-02-17,3,2000-02-16,52,low,2000-02-15,2000-02-05,2000-02-25,2000-01-01,2000-02-20
BDP10A_1999_03,1999/00,2000-02-19,2000-02-23,5,2000-02-20,29,moderate,2000-02-19,2000-02-09,2000-02-29,2000-01-05,2000-02-24
BDP10A_1999_04,1999/00,2000-02-27,2000-02-29,3,2000-02-28,32,moderate,2000-02-27,2000-02-17,2000-03-08,2000-01-13,2000-03-03
BDP10A_2000_01,2000/01,2000-12-03,2000-12-07,5,2000-12-03,38,moderate,2000-12-03,2000-11-23,2000-12-13,2000-10-19,2000-12-08
BDP10A_2000_02,2000/01,2000-12-10,2000-12-13,4,2000-12-11,73,moderate,2000-12-10,2000-11-30,2000-12-20,2000-10-26,2000-12-15
BDP10A_2000_03,2000/01,2001-01-06,2001-01-08,3,2001-01-08,66,moderate,2001-01-06,2000-12-27,2001-01-16,2000-11-22,2001-01-11
BDP10A_2000_04,2000/01,2001-01-10,2001-01-16,7,2001-01-12,21,high,2001-01-10,2000-12-31,2001-01-20,2000-11-26,2001-01-15
BDP10A_2000_05,2000/01,2001-02-07,2001-02-11,5,2001-02-08,50,moderate,2001-02-07,2001-01-28,2001-02-17,2000-12-24,2001-02-12
BDP10A_2001_01,2001/02,2002-02-02,2002-02-06,5,2002-02-06,53,moderate,2002-02-02,2002-01-23,2002-02-12,2001-12-19,2002-02-07
BDP10A_2002_01,2002/03,2003-01-20,2003-01-26,7,2003-01-23,6,high,2003-01-20,2003-01-10,2003-01-30,2002-12-06,2003-01-25
BDP10A_2003_01,2003/04,2004-02-04,2004-02-09,6,2004-02-05,19,high,2004-02-04,2004-01-25,2004-02-14,2003-12-21,2004-02-09
BDP10A_2004_01,2004/05,2004-12-27,2004-12-31,5,2004-12-28,42,high,2004-12-27,2004-12-17,2005-01-06,2004-11-12,2005-01-01
BDP10A_2006_01,2006/07,2006-12-01,2006-12-05,5,2006-12-02,26,moderate,2006-12-01,2006-11-21,2006-12-11,2006-10-17,2006-12-06
BDP10A_2006_02,2006/07,2007-01-03,2007-01-05,3,2007-01-04,74,moderate,2007-01-03,2006-12-24,2007-01-13,2006-11-19,2007-01-08
BDP10A_2006_03,2006/07,2007-01-15,2007-01-19,5,2007-01-15,46,moderate,2007-01-15,2007-01-05,2007-01-25,2006-12-01,2007-01-20
BDP10A_2006_04,2006/07,2007-02-20,2007-02-22,3,2007-02-20,72,low,2007-02-20,2007-02-10,2007-03-02,2007-01-06,2007-02-25
BDP10A_2007_01,2007/08,2007-12-20,2007-12-22,3,2007-12-22,64,moderate,2007-12-20,2007-12-10,2007-12-30,2007-11-05,2007-12-25
BDP10A_2007_02,2007/08,2008-02-02,2008-02-04,3,2008-02-03,49,high,2008-02-02,2008-01-23,2008-02-12,2007-12-19,2008-02-07
BDP10A_2007_03,2007/08,2008-02-12,2008-02-17,6,2008-02-15,8,high,2008-02-12,2008-02-02,2008-02-22,2007-12-29,2008-02-17
BDP10A_2009_01,2009/10,2009-12-24,2009-12-30,7,2009-12-27,16,high,2009-12-24,2009-12-14,2010-01-03,2009-11-09,2009-12-29
BDP10A_2010_01,2010/11,2010-12-21,2010-12-26,6,2010-12-25,51,high,2010-12-21,2010-12-11,2010-12-31,2010-11-06,2010-12-26
BDP10A_2010_02,2010/11,2011-01-11,2011-01-15,5,2011-01-13,27,high,2011-01-11,2011-01-01,2011-01-21,2010-11-27,2011-01-16
BDP10A_2010_03,2010/11,2011-01-17,2011-01-19,3,2011-01-18,37,moderate,2011-01-17,2011-01-07,2011-01-27,2010-12-03,2011-01-22
BDP10A_2010_04,2010/11,2011-02-23,2011-02-25,3,2011-02-25,83,low,2011-02-23,2011-02-13,2011-03-05,2011-01-09,2011-02-28
BDP10A_2011_01,2011/12,2011-12-15,2011-12-20,6,2011-12-17,44,moderate,2011-12-15,2011-12-05,2011-12-25,2011-10-31,2011-12-20
BDP10A_2011_02,2011/12,2011-12-22,2011-12-25,4,2011-12-24,67,high,2011-12-22,2011-12-12,2012-01-01,2011-11-07,2011-12-27
BDP10A_2011_03,2011/12,2012-01-14,2012-01-16,3,2012-01-15,65,moderate,2012-01-14,2012-01-04,2012-01-24,2011-11-30,2012-01-19
BDP10A_2011_04,2011/12,2012-02-10,2012-02-14,5,2012-02-13,20,high,2012-02-10,2012-01-31,2012-02-20,2011-12-27,2012-02-15
BDP10A_2012_01,2012/13,2012-12-03,2012-12-09,7,2012-12-07,44,moderate,2012-12-03,2012-11-23,2012-12-13,2012-10-19,2012-12-08
BDP10A_2012_02,2012/13,2012-12-26,2013-01-02,8,2012-12-31,12,high,2012-12-26,2012-12-16,2013-01-05,2012-11-11,2012-12-31
BDP10A_2012_03,2012/13,2013-01-08,2013-01-14,7,2013-01-10,2,high,2013-01-08,2012-12-29,2013-01-18,2012-11-24,2013-01-13
BDP10A_2012_04,2012/13,2013-01-25,2013-01-27,3,2013-01-27,54,moderate,2013-01-25,2013-01-15,2013-02-04,2012-12-11,2013-01-30
BDP10A_2013_01,2013/14,2013-12-16,2013-12-18,3,2013-12-17,79,low,2013-12-16,2013-12-06,2013-12-26,2013-11-01,2013-12-21
BDP10A_2013_02,2013/14,2014-02-18,2014-02-22,5,2014-02-18,33,high,2014-02-18,2014-02-08,2014-02-28,2014-01-04,2014-02-23
BDP10A_2014_01,2014/15,2015-01-31,2015-02-02,3,2015-02-01,59,moderate,2015-01-31,2015-01-21,2015-02-10,2014-12-17,2015-02-05
BDP10A_2015_01,2015/16,2015-12-16,2015-12-18,3,2015-12-17,63,low,2015-12-16,2015-12-06,2015-12-26,2015-11-01,2015-12-21
BDP10A_2015_02,2015/16,2015-12-20,2015-12-24,5,2015-12-21,40,high,2015-12-20,2015-12-10,2015-12-30,2015-11-05,2015-12-25
BDP10A_2015_03,2015/16,2016-01-25,2016-01-27,3,2016-01-26,70,moderate,2016-01-25,2016-01-15,2016-02-04,2015-12-11,2016-01-30
BDP10A_2016_01,2016/17,2017-01-14,2017-01-16,3,2017-01-14,77,moderate,2017-01-14,2017-01-04,2017-01-24,2016-11-30,2017-01-19
BDP10A_2017_01,2017/18,2018-01-06,2018-01-12,7,2018-01-08,12,high,2018-01-06,2017-12-27,2018-01-16,2017-11-22,2018-01-11
BDP10A_2017_02,2017/18,2018-01-28,2018-01-30,3,2018-01-29,75,moderate,2018-01-28,2018-01-18,2018-02-07,2017-12-14,2018-02-02
BDP10A_2018_01,2018/19,2018-12-08,2018-12-10,3,2018-12-09,81,low,2018-12-08,2018-11-28,2018-12-18,2018-10-24,2018-12-13
BDP10A_2018_02,2018/19,2018-12-27,2018-12-31,5,2018-12-29,33,high,2018-12-27,2018-12-17,2019-01-06,2018-11-12,2019-01-01
BDP10A_2019_01,2019/20,2020-02-10,2020-02-14,5,2020-02-11,60,moderate,2020-02-10,2020-01-31,2020-02-20,2019-12-27,2020-02-15
BDP10A_2020_01,2020/21,2020-12-19,2020-12-22,4,2020-12-19,48,moderate,2020-12-19,2020-12-09,2020-12-29,2020-11-04,2020-12-24
BDP10A_2020_02,2020/21,2021-01-31,2021-02-03,4,2021-02-01,23,high,2021-01-31,2021-01-21,2021-02-10,2020-12-17,2021-02-05
BDP10A_2021_01,2021/22,2022-01-29,2022-01-31,3,2022-01-30,78,moderate,2022-01-29,2022-01-19,2022-02-08,2021-12-15,2022-02-03
BDP10A_2021_02,2021/22,2022-02-06,2022-02-09,4,2022-02-07,61,moderate,2022-02-06,2022-01-27,2022-02-16,2021-12-23,2022-02-11
BDP10A_2021_03,2021/22,2022-02-12,2022-02-20,9,2022-02-19,30,moderate,2022-02-12,2022-02-02,2022-02-22,2021-12-29,2022-02-17
BDP10A_2024_01,2024/25,2024-12-07,2024-12-09,3,2024-12-07,85,low,2024-12-07,2024-11-27,2024-12-17,2024-10-23,2024-12-12
