event_id,winter_start_year,winter_label,start_date,end_date,duration_days,peak_coverage_date,minimum_observed_area_fraction,minimum_p10_cold_area_fraction,mean_p10_cold_area_fraction,peak_p10_cold_area_fraction,cumulative_cold_area_days,minimum_area_weighted_mean_tmin,minimum_station_tmin,total_area_weighted_p10_deficit,mean_affected_area_p10_deficit,peak_p05_severe_area_fraction,peak_bmd_mild_area_fraction,peak_bmd_moderate_area_fraction,peak_bmd_severe_area_fraction,peak_bmd_very_severe_area_fraction,maximum_bmd_severity_rank,most_severe_bmd_category,affected_station_count,event_footprint_area_km2,event_footprint_area_fraction,event_centre_longitude,event_centre_latitude,event_east_west_extent_km,event_north_south_extent_km,sensitivity_scenarios_tested,sensitivity_scenarios_reproduced,exact_date_match_count,mean_primary_overlap_fraction,minimum_primary_overlap_fraction,mean_jaccard_similarity,sensitivity_robustness_fraction,robustness_class,final_primary_definition_id,frozen_for_atmospheric_analysis,frozen_utc,duration_rank,peak_area_rank,cumulative_area_rank,cold_deficit_rank,multimetric_rank_sum,event_strength_rank
BDP10A_1985_01,1985,1985/86,1985-12-03,1985-12-06,4,1985-12-04,0.9394515348096736,0.2018733415447456,0.2153060489187885,0.2412741029249345,0.8612241956751543,13.64323974887938,10.699999809265137,0.5834195583021182,0.6774305241676915,0.1316589654660846,0.0,0.0,0.0,0.0,0,no_bmd_cold_wave,12,65739.13051601885,0.4688209766430229,90.26671463302073,23.89156118501389,406.2087363397571,531.6401842983063,6,3,2,0.5,0.0,0.42857142857142855,0.5,moderate,p10_area20_duration3,True,2026-06-24T18:32:06.313319+00:00,44,85,84,84,297,81
BDP10A_1985_02,1985,1985/86,1986-02-17,1986-02-21,5,1986-02-19,0.8884948962992469,0.272732124054546,0.540482223150411,0.7769175496736024,2.7024111157520547,11.491814908763924,8.300000190734863,3.989664647784076,1.4763351973090857,0.6006649739254024,0.2538949574431985,0.0,0.0,0.0,1,mild,23,124328.49274620497,0.8866531232813861,90.16197967465308,23.97976645648689,479.279674182509,663.7389736135912,6,5,2,0.7666666666666666,0.0,0.7388888888888889,0.8333333333333334,high,p10_area20_duration3,True,2026-06-24T18:32:06.313319+00:00,27,39,33,19,118,30
BDP10A_1985_03,1985,1985/86,1986-02-25,1986-02-28,4,1986-02-26,0.9394515348096736,0.6790610082930533,0.7215340335073253,0.7511897815393032,2.886136134029301,12.361871546144966,7.800000190734863,3.834004122451937,1.3284210946416195,0.5791263548254995,0.1995774341771894,0.0471269312789505,0.0,0.0,2,moderate,20,115739.51161532426,0.8254004950439806,90.1560516026594,24.121447254939277,473.5788207362781,552.3729324999844,6,5,5,0.8333333333333334,0.0,0.8333333333333334,0.8333333333333334,high,p10_area20_duration3,True,2026-06-24T18:32:06.313319+00:00,44,43,28,21,136,35
BDP10A_1986_01,1986,1986/87,1987-01-02,1987-01-04,3,1987-01-02,0.999999999999997,0.4689037826973141,0.6366759713060118,0.7229907139094522,1.910027913918036,9.265500839403195,6.800000190734863,1.83267617533671,0.9595022994074184,0.5312426018514336,0.6563256474053278,0.1995774341771894,0.0,0.0,2,moderate,24,130156.0876368874,0.9282128261050172,90.31329675154215,23.842680118548923,479.279674182509,663.7389736135912,6,4,2,0.6666666666666666,0.0,0.5333333333333333,0.6666666666666666,moderate,p10_area20_duration3,True,2026-06-24T18:32:06.313319+00:00,56,48,53,50,207,55
BDP10A_1988_01,1988,1988/89,1989-01-11,1989-01-16,6,1989-01-13,0.999999999999997,0.2870736040463013,0.6328033898965769,0.917133854456868,3.7968203393794617,7.409460017467628,4.599999904632568,3.696614548864316,0.9736079715240036,0.6771354798251256,0.6050110167560014,0.4123296147781321,0.2919682886658038,0.0,3,severe,26,140222.24642493957,0.9999999999999992,90.28372489777873,23.82783643664409,479.279674182509,663.7389736135912,6,6,3,0.9444444444444445,0.8333333333333334,0.8232323232323232,1.0,high,p10_area20_duration3,True,2026-06-24T18:32:06.313319+00:00,21,21,16,23,81,18
BDP10A_1988_02,1988,1988/89,1989-01-18,1989-01-21,4,1989-01-19,0.999999999999997,0.2281791329406032,0.5651812259135564,0.8059286909743186,2.2607249036542254,8.517923883597097,5.599999904632568,1.9649628360049507,0.8691737914811279,0.5465391833374948,0.4312123252102089,0.4253253690734251,0.1408116431297308,0.0,3,severe,25,139596.6572357209,0.9955385881686494,90.27431731881818,23.840060488594226,475.506170296108,607.1683711415035,6,6,2,0.9166666666666666,0.75,0.7088744588744588,1.0,high,p10_area20_duration3,True,2026-06-24T18:32:06.313319+00:00,44,36,46,48,174,47
BDP10A_1988_03,1988,1988/89,1989-01-26,1989-02-01,7,1989-01-30,0.999999999999997,0.2441325451934377,0.3675950265365873,0.6061048671205806,2.5731651857561118,9.376266442044074,5.0,1.9669081393561387,0.7643924883812591,0.3352197122899015,0.6002044722130846,0.2036729146576831,0.0543175232660092,0.0,3,severe,19,102401.4005203861,0.7302792754443647,90.0094930933914,23.90961060958301,479.279674182509,663.7389736135912,6,5,3,0.8333333333333334,0.42857142857142855,0.7196969696969697,0.8333333333333334,high,p10_area20_duration3,True,2026-06-24T18:32:06.313319+00:00,10,58,39,47,154,40
BDP10A_1988_04,1988,1988/89,1989-02-20,1989-02-27,8,1989-02-21,0.999999999999997,0.2872959313991287,0.6002835661128045,0.999999999999997,4.802268528902436,10.636769399726507,8.199999809265137,6.526637725392705,1.3590738806279072,0.9955385881686476,0.3327419942815801,0.0,0.0,0.0,1,mild,26,140222.24642493957,0.9999999999999992,90.28372489777873,23.82783643664409,479.279674182509,663.7389736135912,6,4,3,0.6458333333333334,0.0,0.6458333333333334,0.6666666666666666,moderate,p10_area20_duration3,True,2026-06-24T18:32:06.313319+00:00,8,1,9,7,25,3
BDP10A_1989_01,1989,1989/90,1989-12-02,1989-12-14,13,1989-12-06,0.999999999999997,0.2257946039128838,0.7305178889508717,0.9955385881686476,9.496732556361332,10.98298430138226,7.599999904632568,14.105670843025178,1.4853183196758106,0.9646571918897354,0.301858526346922,0.09248441125441,0.0,0.0,2,moderate,26,140222.24642493957,0.9999999999999992,90.28372489777873,23.82783643664409,479.279674182509,663.7389736135912,6,5,2,0.8333333333333334,0.3076923076923077,0.8214285714285715,0.8333333333333334,high,p10_area20_duration3,True,2026-06-24T18:32:06.313319+00:00,2,6,2,1,11,1
BDP10A_1989_02,1989,1989/90,1989-12-28,1990-01-08,12,1990-01-02,0.9280851284156992,0.2257879078383859,0.5161677645750528,0.8374851506664333,6.1940131749006335,9.015680894674734,5.300000190734863,6.216037265973995,1.003555706203953,0.5441970638181846,0.5659493590773046,0.4153309650072654,0.0936847118507803,0.0,3,severe,24,136445.1434620659,0.9730634542009304,90.2269682031144,23.89320358998135,473.5788207362781,554.5971047028385,6,6,1,0.888888888888889,0.5,0.75,1.0,high,p10_area20_duration3,True,2026-06-24T18:32:06.313319+00:00,3,31,4,9,47,9
BDP10A_1989_03,1989,1989/90,1990-01-10,1990-01-12,3,1990-01-10,0.999999999999997,0.333892438726387,0.3700848978079707,0.4136031492506168,1.110254693423912,8.848323803642655,5.300000190734863,0.7786884355533333,0.7013601835376508,0.1434410497648366,0.4482559051513084,0.3156261674337342,0.0509566385104267,0.0,3,severe,14,83266.52287416735,0.5938182064337383,90.62367717528058,23.8582465082222,475.506170296108,466.1965868484628,6,4,1,0.6666666666666666,0.0,0.2569444444444445,0.6666666666666666,moderate,p10_area20_duration3,True,2026-06-24T18:32:06.313319+00:00,56,81,77,76,290,80
BDP10A_1990_01,1990,1990/91,1991-01-16,1991-01-22,7,1991-01-21,0.9955385881686476,0.2762326664754065,0.4453035952275128,0.7290708809202227,3.1171251665925896,8.403714969920959,5.199999809265137,3.3546695709899,1.0762062450822198,0.3066668528422961,0.5290506247800751,0.3755661669415526,0.1352124845947636,0.0,3,severe,19,112553.78017571784,0.8026813365592982,90.1642991054402,23.98334063637722,475.506170296108,607.1683711415035,6,5,2,0.8333333333333334,0.42857142857142855,0.7193732193732193,0.8333333333333334,high,p10_area20_duration3,True,2026-06-24T18:32:06.313319+00:00,10,47,23,28,108,25
BDP10A_1991_01,1991,1991/92,1991-12-01,1991-12-07,7,1991-12-02,0.9619266687773916,0.3022373708420717,0.7435434662845086,0.999999999999997,5.20480426399156,12.008931750228584,9.199999809265137,6.195057514677553,1.19025753908497,0.7819956041870469,0.0898550046193041,0.0,0.0,0.0,1,mild,26,140222.24642493957,0.9999999999999992,90.28372489777873,23.82783643664409,479.279674182509,663.7389736135912,6,5,3,0.7619047619047619,0.0,0.7410714285714285,0.8333333333333334,high,p10_area20_duration3,True,2026-06-24T18:32:06.313319+00:00,10,1,6,10,27,4
BDP10A_1991_02,1991,1991/92,1991-12-29,1991-12-31,3,1991-12-30,0.999999999999997,0.2314689525737784,0.5529102805636562,0.7482531921226475,1.6587308416909687,9.38376389864528,6.599999904632568,1.8109085011247248,1.0917434315495218,0.5058402534184684,0.5685554480055685,0.1995774341771894,0.0,0.0,2,moderate,24,128275.46253337315,0.9148010804550788,90.39588669268898,23.770458780535478,479.279674182509,643.0062254119131,6,3,1,0.5,0.0,0.25,0.5,moderate,p10_area20_duration3,True,2026-06-24T18:32:06.313319+00:00,56,44,58,51,209,57
BDP10A_1991_03,1991,1991/92,1992-01-02,1992-01-07,6,1992-01-03,0.999999999999997,0.365916237343967,0.4443622000218121,0.7692139165191938,2.6661732001308724,9.143405807852432,6.5,2.4441472691249744,0.916724865813294,0.4075946159043745,0.5240078199965444,0.2750064584651257,0.0,0.0,2,moderate,25,134883.518392025,0.9619266687773934,90.32897561883148,23.84782599389585,479.279674182509,663.7389736135912,6,5,3,0.8333333333333334,0.0,0.6666666666666666,0.8333333333333334,high,p10_area20_duration3,True,2026-06-24T18:32:06.313319+00:00,21,41,37,39,138,36
BDP10A_1991_04,1991,1991/92,1992-02-25,1992-02-27,3,1992-02-27,0.999999999999997,0.3564532203333809,0.6723876982615217,0.969628768041503,2.017163094784565,12.505022803060056,9.800000190734863,2.210281960267186,1.0957378538115907,0.6255628919449457,0.1014444545449597,0.0,0.0,0.0,1,mild,24,135963.52405302654,0.9696287680415048,90.27359920412913,23.88038859339268,475.506170296108,607.1683711415035,6,3,1,0.5,0.0,0.35000000000000003,0.5,moderate,p10_area20_duration3,True,2026-06-24T18:32:06.313319+00:00,56,14,52,43,165,43
BDP10A_1992_01,1992,1992/93,1992-12-06,1992-12-22,17,1992-12-08,0.999999999999997,0.3070645285579151,0.6231264493328031,0.8971047922672465,10.593149638657652,10.608882613501727,7.400000095367432,10.225099007315606,0.9652557885145964,0.5760030128606426,0.3537781249704989,0.1317580430733855,0.0,0.0,2,moderate,26,140222.24642493957,0.9999999999999992,90.28372489777873,23.82783643664409,479.279674182509,663.7389736135912,6,4,2,0.8039215686274509,0.35294117647058826,0.7471755368814192,0.6666666666666666,moderate,p10_area20_duration3,True,2026-06-24T18:32:06.313319+00:00,1,24,1,3,29,5
BDP10A_1992_02,1992,1992/93,1993-01-20,1993-01-28,9,1993-01-22,0.999999999999997,0.2998750149917982,0.7245292674525454,0.9030541769142376,6.520763407072909,7.76511472914851,4.400000095367432,6.885443168822619,1.0559259305979651,0.606130919470465,0.5585118536502611,0.5345701839337557,0.19512916639574,0.0,3,severe,26,140222.24642493957,0.9999999999999992,90.28372489777873,23.82783643664409,479.279674182509,663.7389736135912,6,5,2,0.8888888888888888,0.4444444444444444,0.7993055555555556,0.8333333333333334,high,p10_area20_duration3,True,2026-06-24T18:32:06.313319+00:00,4,23,3,6,36,7
BDP10A_1992_03,1992,1992/93,1993-02-23,1993-02-25,3,1993-02-24,0.999999999999997,0.8730159835684853,0.9477542081737425,0.9955385881686476,2.843262624521227,10.707143896533388,7.0,5.395156568125632,1.89752312065584,0.8738726952271153,0.2479275779240259,0.1480022351167895,0.0,0.0,2,moderate,26,140222.24642493957,0.9999999999999992,90.28372489777873,23.82783643664409,479.279674182509,663.7389736135912,6,4,4,0.6666666666666666,0.0,0.6666666666666666,0.6666666666666666,moderate,p10_area20_duration3,True,2026-06-24T18:32:06.313319+00:00,56,6,29,12,103,23
BDP10A_1993_01,1993,1993/94,1994-02-24,1994-02-27,4,1994-02-26,0.9472015884717112,0.5790479590181123,0.7630808953151658,0.8490554647895814,3.052323581260663,11.881809912666249,9.899999618530272,4.841586438227097,1.5861969772639364,0.5773213244608382,0.0471269312789505,0.0,0.0,0.0,1,mild,24,132193.145363556,0.9427401766403618,90.16180139698965,23.908659258359123,475.506170296108,607.1683711415035,6,5,4,0.7916666666666666,0.0,0.7916666666666666,0.8333333333333334,high,p10_area20_duration3,True,2026-06-24T18:32:06.313319+00:00,44,29,25,15,113,28
BDP10A_1994_01,1994,1994/95,1994-12-12,1994-12-18,7,1994-12-14,0.999999999999997,0.2484131804930505,0.5880042996519572,0.9730634542009294,4.1160300975637005,10.352960439360556,7.800000190734863,4.929250676560569,1.1975740117833973,0.7860727494905162,0.4503172898366785,0.0509566385104267,0.0,0.0,2,moderate,26,140222.24642493957,0.9999999999999992,90.28372489777873,23.82783643664409,479.279674182509,663.7389736135912,6,5,2,0.7857142857142857,0.42857142857142855,0.7087912087912088,0.8333333333333334,high,p10_area20_duration3,True,2026-06-24T18:32:06.313319+00:00,10,12,13,14,49,10
BDP10A_1994_02,1994,1994/95,1994-12-21,1994-12-24,4,1994-12-23,0.999999999999997,0.3330981334312185,0.3596198639923159,0.4276887995522372,1.4384794559692635,11.013100174695184,7.599999904632568,1.1909424019767645,0.8279175604731137,0.2272054111048094,0.3674771500416208,0.0471269312789505,0.0,0.0,2,moderate,16,78746.59218812206,0.561584157976493,90.5197993178269,23.69263154338876,466.05807887528334,552.3729324999844,6,5,3,0.7916666666666666,0.0,0.6762820512820512,0.8333333333333334,high,p10_area20_duration3,True,2026-06-24T18:32:06.313319+00:00,44,77,66,63,250,69
BDP10A_1994_03,1994,1994/95,1995-01-02,1995-01-06,5,1995-01-03,0.9775248660322788,0.2260526475801181,0.7391713215850714,0.9955385881686476,3.6958566079253568,7.296044819095461,4.0,7.880714544644811,2.1323106875265365,0.9955385881686476,0.6167162156147726,0.5114643133074578,0.2946679343598632,0.0471269312789505,4,very_severe,26,140222.24642493957,0.9999999999999992,90.28372489777873,23.82783643664409,479.279674182509,663.7389736135912,6,6,2,0.9333333333333332,0.8,0.857936507936508,1.0,high,p10_area20_duration3,True,2026-06-24T18:32:06.313319+00:00,27,6,17,5,55,12
BDP10A_1994_04,1994,1994/95,1995-01-23,1995-01-31,9,1995-01-25,0.999999999999997,0.3187117048732924,0.5556214220283432,0.8763899624432094,5.000592798255089,7.725699703898286,4.199999809265137,4.58556229561548,0.9170037394797612,0.589527340514827,0.5132823330748705,0.4376522850167102,0.19512916639574,0.0,3,severe,26,140222.24642493957,0.9999999999999992,90.28372489777873,23.82783643664409,479.279674182509,663.7389736135912,6,5,3,0.8888888888888888,0.3333333333333333,0.7863247863247863,0.8333333333333334,high,p10_area20_duration3,True,2026-06-24T18:32:06.313319+00:00,4,26,8,17,55,12
BDP10A_1995_01,1995,1995/96,1995-12-03,1995-12-05,3,1995-12-04,0.999999999999997,0.2986696061589435,0.3474385380574136,0.4167005349474137,1.042315614172241,12.971329201026814,9.399999618530272,1.2227268735759245,1.173086977639645,0.2725498242616515,0.0808014045629588,0.0,0.0,0.0,1,mild,11,58430.68509680093,0.4167005349474171,89.60697973750855,23.61853222331209,320.4872676942574,399.8967629796282,6,2,1,0.3333333333333333,0.0,0.2916666666666667,0.3333333333333333,low,p10_area20_duration3,True,2026-06-24T18:32:06.313319+00:00,56,80,79,61,276,76
BDP10A_1995_02,1995,1995/96,1996-01-30,1996-02-01,3,1996-01-31,0.999999999999997,0.2267344086390293,0.4879516325830009,0.6581858278777742,1.463854897749003,9.472690625069593,5.800000190734863,1.5843021564292996,1.082280872827977,0.4469972732195809,0.3547878195989018,0.1687020414576855,0.0509566385104267,0.0,3,severe,21,107743.572058885,0.7683771641510511,90.47651254908948,23.52433966453748,479.279674182509,516.7989417622324,6,3,2,0.5,0.0,0.4583333333333333,0.5,moderate,p10_area20_duration3,True,2026-06-24T18:32:06.313319+00:00,56,52,65,55,228,62
BDP10A_1995_03,1995,1995/96,1996-02-17,1996-02-19,3,1996-02-19,0.999999999999997,0.2073755999775737,0.3013171210172587,0.3965952269797013,0.903951363051776,12.801884699141574,8.699999809265137,0.5991894848114708,0.6628558894900972,0.1119836249899046,0.0471269312789505,0.0,0.0,0.0,1,mild,17,80763.79759833361,0.5759699310021117,90.75738909486394,23.259432012468206,422.4653172982321,451.7915938776105,6,2,2,0.3333333333333333,0.0,0.3333333333333333,0.3333333333333333,low,p10_area20_duration3,True,2026-06-24T18:32:06.313319+00:00,56,82,82,82,302,84
BDP10A_1996_01,1996,1996/97,1996-12-08,1996-12-14,7,1996-12-10,0.999999999999997,0.2251875768543674,0.5206062980725937,0.7361509550689732,3.644244086508156,11.934761139230035,8.600000381469727,3.4550889236026547,0.9480948151618608,0.6307098962432552,0.1638775118762352,0.0,0.0,0.0,1,mild,25,127253.8745195581,0.9075155887455882,90.26228279290412,23.73709062368444,479.279674182509,663.7389736135912,6,5,1,0.7380952380952381,0.0,0.6047619047619047,0.8333333333333334,high,p10_area20_duration3,True,2026-06-24T18:32:06.313319+00:00,10,45,18,25,98,22
BDP10A_1996_02,1996,1996/97,1997-01-18,1997-01-20,3,1997-01-19,0.999999999999997,0.2336944971376879,0.441355387915094,0.5655605672379437,1.3240661637452822,8.804783702366816,5.199999809265137,1.2637388476981928,0.954437838758415,0.4266140292570073,0.578524644695116,0.2920618454315994,0.0980835697893772,0.0,3,severe,22,120132.20840769616,0.8567271704066043,90.15547135199436,23.84339225542055,479.279674182509,663.7389736135912,6,3,2,0.5,0.0,0.4583333333333333,0.5,moderate,p10_area20_duration3,True,2026-06-24T18:32:06.313319+00:00,56,63,70,60,249,67
BDP10A_1996_03,1996,1996/97,1997-01-23,1997-01-31,9,1997-01-26,0.9572719266596434,0.283072447120963,0.5327012544296257,0.9412342089525384,4.794311289866632,8.040179851035115,5.0,3.790506584753821,0.7906258804607712,0.4206105326517266,0.7311858363702577,0.5275248682062558,0.0509566385104267,0.0,3,severe,26,140222.24642493957,0.9999999999999992,90.28372489777873,23.82783643664409,479.279674182509,663.7389736135912,6,5,4,0.8148148148148149,0.3333333333333333,0.8148148148148149,0.8333333333333334,high,p10_area20_duration3,True,2026-06-24T18:32:06.313319+00:00,4,18,10,22,54,11
BDP10A_1996_04,1996,1996/97,1997-02-07,1997-02-11,5,1997-02-08,0.999999999999997,0.2356969321401553,0.6152873511275566,0.9747265440578567,3.076436755637783,9.017203124214198,6.400000095367432,5.282513108359168,1.717088153585019,0.9275996127789063,0.6812607960474695,0.2159597017802936,0.0,0.0,2,moderate,26,140222.24642493957,0.9999999999999992,90.28372489777873,23.82783643664409,479.279674182509,663.7389736135912,6,6,2,0.7999999999999999,0.6,0.7259259259259259,1.0,high,p10_area20_duration3,True,2026-06-24T18:32:06.313319+00:00,27,11,24,13,75,17
BDP10A_1996_05,1996,1996/97,1997-02-22,1997-02-25,4,1997-02-24,0.999999999999997,0.4177169857610542,0.5935891073742652,0.8661046415757385,2.3743564294970607,12.225446756239716,9.0,2.366761132094095,0.9968011132159402,0.5327718983331738,0.1602102455924183,0.0,0.0,0.0,1,mild,26,140222.24642493957,0.9999999999999992,90.28372489777873,23.82783643664409,479.279674182509,663.7389736135912,6,4,3,0.6666666666666666,0.0,0.6333333333333333,0.6666666666666666,moderate,p10_area20_duration3,True,2026-06-24T18:32:06.313319+00:00,44,27,41,41,153,39
BDP10A_1997_01,1997,1997/98,1997-12-21,1997-12-25,5,1997-12-23,0.999999999999997,0.2983813144888756,0.3728211350780828,0.455373338114395,1.8641056753904144,10.869213769924492,8.0,1.3942292159080605,0.7479346446472548,0.2073302966715623,0.516404286159406,0.1052741617764358,0.0,0.0,2,moderate,19,104540.39883891791,0.7455336189816207,89.94546138095836,23.98829703953286,479.279674182509,663.7389736135912,6,5,2,0.7666666666666666,0.0,0.719047619047619,0.8333333333333334,high,p10_area20_duration3,True,2026-06-24T18:32:06.313319+00:00,27,74,55,58,214,58
BDP10A_1997_02,1997,1997/98,1998-02-09,1998-02-11,3,1998-02-10,0.999999999999997,0.2411763662234631,0.4288657049073257,0.5651013424794422,1.2865971147219772,11.400213916339435,7.699999809265137,0.8207801199955209,0.6379464951410874,0.2918907027915483,0.1694513310513163,0.0471269312789505,0.0,0.0,2,moderate,19,101743.4788019204,0.7255872830163451,90.41418564245475,23.7618057454772,479.279674182509,643.0062254119131,6,2,1,0.3333333333333333,0.0,0.2916666666666667,0.3333333333333333,low,p10_area20_duration3,True,2026-06-24T18:32:06.313319+00:00,56,64,72,75,267,70
BDP10A_1999_01,1999,1999/00,2000-01-07,2000-01-10,4,2000-01-08,0.999999999999997,0.2409962187080659,0.4701813533499269,0.620479277722752,1.880725413399708,8.975333758707274,5.5,1.6448248635841418,0.8745693825718353,0.1833696711047183,0.5364185802913587,0.2701984483993211,0.12580418065363,0.0,3,severe,20,118473.6908330448,0.8448993925971884,90.08260211451189,23.96540930971569,473.3048320465956,540.8685472726688,6,5,2,0.7916666666666666,0.0,0.6805555555555555,0.8333333333333334,high,p10_area20_duration3,True,2026-06-24T18:32:06.313319+00:00,44,56,54,53,207,55
BDP10A_1999_02,1999,1999/00,2000-02-15,2000-02-17,3,2000-02-16,0.999999999999997,0.2552845426890159,0.5295925396363351,0.8085698335638267,1.5887776189090057,11.408542202299287,8.399999618530273,2.150508588367146,1.3535617337333052,0.4797919989986019,0.1906602964827932,0.0,0.0,0.0,1,mild,25,132885.6635140721,0.94767889476942,90.20290348383148,23.76764998552665,479.279674182509,663.7389736135912,6,2,2,0.3333333333333333,0.0,0.3333333333333333,0.3333333333333333,low,p10_area20_duration3,True,2026-06-24T18:32:06.313319+00:00,56,35,60,44,195,52
BDP10A_1999_03,1999,1999/00,2000-02-19,2000-02-23,5,2000-02-20,0.999999999999997,0.2133689442314852,0.5346450888598242,0.9482265975877948,2.673225444299121,12.096476378867582,9.0,2.849500668032904,1.0659410242071818,0.4808841768695346,0.2067680261642481,0.0,0.0,0.0,1,mild,24,133588.05282285652,0.9526880094191444,90.23975183908216,23.89905706902784,479.279674182509,663.7389736135912,6,4,2,0.6333333333333333,0.0,0.6055555555555555,0.6666666666666666,moderate,p10_area20_duration3,True,2026-06-24T18:32:06.313319+00:00,27,16,36,35,114,29
BDP10A_1999_04,1999,1999/00,2000-02-27,2000-02-29,3,2000-02-28,0.999999999999997,0.828443978652614,0.8950741976347181,0.9955385881686476,2.685222592904154,12.459199219984482,9.300000190734863,3.3871660293521826,1.261409775972745,0.549343097826741,0.1602102455924183,0.0,0.0,0.0,1,mild,26,140222.24642493957,0.9999999999999992,90.28372489777873,23.82783643664409,479.279674182509,663.7389736135912,6,4,3,0.6666666666666666,0.0,0.625,0.6666666666666666,moderate,p10_area20_duration3,True,2026-06-24T18:32:06.313319+00:00,56,6,35,26,123,32
BDP10A_2000_01,2000,2000/01,2000-12-03,2000-12-07,5,2000-12-03,0.999999999999997,0.3744051583015091,0.5381800727187949,0.6831174977225926,2.690900363593974,12.553357602904873,9.800000190734863,2.3701952370639456,0.8808186542805718,0.5056263238531485,0.1014444545449597,0.0,0.0,0.0,1,mild,22,122235.57874334746,0.8717274317009291,90.276826939975,23.88320246840188,473.5788207362781,554.5971047028385,6,4,3,0.6666666666666666,0.0,0.5694444444444445,0.6666666666666666,moderate,p10_area20_duration3,True,2026-06-24T18:32:06.313319+00:00,27,49,34,40,150,38
BDP10A_2000_02,2000,2000/01,2000-12-10,2000-12-13,4,2000-12-11,0.999999999999997,0.2475345628379598,0.3513761000709863,0.4249824068693703,1.4055044002839452,12.574532991300137,10.199999809265137,0.6045267954563772,0.4301137693587074,0.0780718674704259,0.0,0.0,0.0,0.0,0,no_bmd_cold_wave,19,89564.70448726186,0.6387339154148085,90.3119586790194,23.42804262116449,479.279674182509,643.0062254119131,6,4,2,0.625,0.0,0.5138888888888888,0.6666666666666666,moderate,p10_area20_duration3,True,2026-06-24T18:32:06.313319+00:00,44,79,68,81,272,73
BDP10A_2000_03,2000,2000/01,2001-01-06,2001-01-08,3,2001-01-08,0.999999999999997,0.4477853976686397,0.5226966565527555,0.6020679862279712,1.5680899696582666,9.32513437497406,6.099999904632568,1.0329900471673104,0.6587568743854854,0.0969090043921939,0.7214832572015146,0.105892722326409,0.0,0.0,2,moderate,20,97830.60571168031,0.6976824876646702,90.7827094088688,23.532405728177444,395.3321951697512,643.0062254119131,6,4,1,0.6666666666666666,0.0,0.2756132756132756,0.6666666666666666,moderate,p10_area20_duration3,True,2026-06-24T18:32:06.313319+00:00,56,59,62,67,244,66
BDP10A_2000_04,2000,2000/01,2001-01-10,2001-01-16,7,2001-01-12,0.999999999999997,0.2035713075324473,0.5061652117883145,0.8192881541460911,3.543156482518202,8.322864474834883,5.199999809265137,3.0252260400636883,0.8538223064631882,0.2885797720565924,0.4850653498298587,0.4756957571260036,0.1052741617764358,0.0,3,severe,26,140222.24642493957,0.9999999999999992,90.28372489777873,23.82783643664409,479.279674182509,663.7389736135912,6,5,1,0.7857142857142857,0.0,0.5399230399230399,0.8333333333333334,high,p10_area20_duration3,True,2026-06-24T18:32:06.313319+00:00,10,34,20,31,95,21
BDP10A_2000_05,2000,2000/01,2001-02-07,2001-02-11,5,2001-02-08,0.999999999999997,0.2942756165443285,0.4276113105196711,0.6350072578403,2.138056552598356,10.981737826812545,9.0,1.4095379279353624,0.6592612932629714,0.1928574981678292,0.3258098290274962,0.0,0.0,0.0,1,mild,20,100668.71480539707,0.7179225648712209,90.0303308343438,23.80640984586433,475.506170296108,607.1683711415035,6,4,2,0.6333333333333333,0.0,0.5708333333333333,0.6666666666666666,moderate,p10_area20_duration3,True,2026-06-24T18:32:06.313319+00:00,27,54,49,57,187,50
BDP10A_2001_01,2001,2001/02,2002-02-02,2002-02-06,5,2002-02-06,0.999999999999997,0.2048244007239514,0.4095144156011803,0.6061414452149307,2.047572078005901,10.41232935391947,8.0,0.9987794088663074,0.4877871795551164,0.1617922161728324,0.384713695634655,0.0898550046193041,0.0,0.0,2,moderate,22,110420.6229768118,0.7874686491770009,90.293803801597,23.44484947997953,479.279674182509,522.7671893205506,6,4,2,0.6,0.0,0.5722222222222223,0.6666666666666666,moderate,p10_area20_duration3,True,2026-06-24T18:32:06.313319+00:00,27,57,51,68,203,53
BDP10A_2002_01,2002,2002/03,2003-01-20,2003-01-26,7,2003-01-23,0.999999999999997,0.2055677255678777,0.5779986823173371,0.999999999999997,4.04599077622136,6.702264520108782,3.400000095367432,6.270490280894198,1.5498034048289029,0.9612889574432952,0.3909906485579218,0.363976717015897,0.4136394981641578,0.0427280733403536,4,very_severe,26,140222.24642493957,0.9999999999999992,90.28372489777873,23.82783643664409,479.279674182509,663.7389736135912,6,6,3,0.9523809523809524,0.8571428571428571,0.8387445887445887,1.0,high,p10_area20_duration3,True,2026-06-24T18:32:06.313319+00:00,10,1,15,8,34,6
BDP10A_2003_01,2003,2003/04,2004-02-04,2004-02-09,6,2004-02-05,0.955672925588364,0.2306066716270756,0.5358167613934891,0.9331977916206456,3.2149005683609344,9.37732606350722,6.199999809265137,3.3628290341364577,1.0460133875465214,0.7256286871874315,0.57866045655577,0.211166884102845,0.0,0.0,2,moderate,25,134006.6044734949,0.955672925588366,90.30804312670897,23.833564749620223,479.279674182509,663.7389736135912,6,6,2,0.8055555555555555,0.5,0.7638888888888888,1.0,high,p10_area20_duration3,True,2026-06-24T18:32:06.313319+00:00,21,19,21,27,88,19
BDP10A_2004_01,2004,2004/05,2004-12-27,2004-12-31,5,2004-12-28,0.999999999999997,0.2174254294400061,0.4653474084696807,0.637574077804047,2.3267370423484035,9.40255081699827,5.199999809265137,2.47236477264675,1.0625888218770791,0.4044300949333114,0.5433620232478933,0.19512916639574,0.0471269312789505,0.0,3,severe,22,119832.66409756288,0.8545909593718336,90.3710474282073,23.91726743163787,479.279674182509,663.7389736135912,6,6,4,0.9,0.6,0.9,1.0,high,p10_area20_duration3,True,2026-06-24T18:32:06.313319+00:00,27,53,42,38,160,42
BDP10A_2006_01,2006,2006/07,2006-12-01,2006-12-05,5,2006-12-02,0.999999999999997,0.2218228341702403,0.6265041098330377,0.8571601812083532,3.1325205491651884,12.47546534918766,8.800000190734863,2.943895783941405,0.9397849871171472,0.4695400928713231,0.178884974352336,0.0,0.0,0.0,1,mild,25,132605.7212923407,0.945682476733989,90.37898204985316,23.71240456878873,479.279674182509,643.0062254119131,6,4,2,0.6333333333333333,0.0,0.6055555555555555,0.6666666666666666,moderate,p10_area20_duration3,True,2026-06-24T18:32:06.313319+00:00,27,28,22,34,111,26
BDP10A_2006_02,2006,2006/07,2007-01-03,2007-01-05,3,2007-01-04,0.999999999999997,0.2900980674306661,0.4312084914090892,0.5105169307791209,1.2936254742272677,9.907191921802866,7.199999809265137,0.6639093481260557,0.5132160438651183,0.0964316980944867,0.5460647499437081,0.1279283358419093,0.0,0.0,2,moderate,17,100456.06766075068,0.7164060641014217,90.49324232609138,23.907996209712834,475.506170296108,586.4356229398253,6,3,0,0.5,0.0,0.2833333333333333,0.5,moderate,p10_area20_duration3,True,2026-06-24T18:32:06.313319+00:00,56,69,71,78,274,74
BDP10A_2006_03,2006,2006/07,2007-01-15,2007-01-19,5,2007-01-15,0.999999999999997,0.2980969500735893,0.4562528978827752,0.5979426570138089,2.2812644894138763,8.635263489143771,4.0,2.6172835206056413,1.1472950781248947,0.4806856837004172,0.6499545495030405,0.3711673090029557,0.1905679810437872,0.0471269312789505,4,very_severe,22,124036.6845367815,0.8845720825274166,90.39452951983436,23.96774933575449,475.506170296108,607.1683711415035,6,4,2,0.6666666666666666,0.0,0.511904761904762,0.6666666666666666,moderate,p10_area20_duration3,True,2026-06-24T18:32:06.313319+00:00,27,61,44,37,169,46
BDP10A_2006_04,2006,2006/07,2007-02-20,2007-02-22,3,2007-02-20,0.999999999999997,0.2970640733787482,0.3932605683490444,0.5592040262692592,1.179781705047133,12.70587793640031,10.800000190734863,0.9000583150800973,0.7629024176503391,0.2454667843658387,0.0471269312789505,0.0,0.0,0.0,1,mild,18,96507.2545685572,0.6882449613315609,90.61755488980504,23.527513463105617,414.8910224442536,466.1965868484628,6,2,1,0.3333333333333333,0.0,0.2916666666666667,0.3333333333333333,low,p10_area20_duration3,True,2026-06-24T18:32:06.313319+00:00,56,65,75,72,268,72
BDP10A_2007_01,2007,2007/08,2007-12-20,2007-12-22,3,2007-12-22,0.9791879558892064,0.2823946634125308,0.4954704510776048,0.634277697111581,1.4864113532328145,10.411984307179166,7.199999809265137,1.2860898500025029,0.8652314496961895,0.2295827347848277,0.4184323158416064,0.1317580430733855,0.0,0.0,2,moderate,19,111263.13704986552,0.7934770686292218,90.06272808771723,23.88341026644368,475.506170296108,607.1683711415035,6,3,1,0.5,0.0,0.32142857142857145,0.5,moderate,p10_area20_duration3,True,2026-06-24T18:32:06.313319+00:00,56,55,64,59,234,64
BDP10A_2007_02,2007,2007/08,2008-02-02,2008-02-04,3,2008-02-03,0.9791879558892064,0.6360497961804216,0.7674966117988536,0.8407445124076889,2.302489835396561,9.310357840566043,5.599999904632568,1.9453668121854095,0.8448970250721461,0.6192696415159901,0.3456822805625916,0.2579904379236923,0.0471269312789505,0.0,3,severe,23,125580.98378498868,0.8955853082286169,90.30370372747744,23.76403551643712,479.279674182509,663.7389736135912,6,5,3,0.8333333333333334,0.0,0.75,0.8333333333333334,high,p10_area20_duration3,True,2026-06-24T18:32:06.313319+00:00,56,30,43,49,178,49
BDP10A_2007_03,2007,2007/08,2008-02-12,2008-02-17,6,2008-02-15,0.9791879558892064,0.3467671119047039,0.8465342896221189,0.9791879558892064,5.079205737732713,9.205687072432022,5.199999809265137,10.134046255138312,1.995202946762698,0.9538960086733032,0.4777026979737653,0.2670440379800376,0.0471269312789505,0.0,3,severe,25,137303.93484702986,0.9791879558892106,90.24309651518236,23.868269633124385,479.279674182509,663.7389736135912,6,6,3,0.9444444444444445,0.8333333333333334,0.9206349206349206,1.0,high,p10_area20_duration3,True,2026-06-24T18:32:06.313319+00:00,21,10,7,4,42,8
BDP10A_2009_01,2009,2009/10,2009-12-24,2009-12-30,7,2009-12-27,0.999999999999997,0.3096277264233242,0.6779552052160028,0.9046590559161682,4.74568643651202,9.36164346228723,6.0,4.763295459250233,1.0037105322852211,0.6263398101958051,0.5594683882805475,0.271369385606746,0.0509566385104267,0.0,3,severe,26,140222.24642493957,0.9999999999999992,90.28372489777873,23.82783643664409,479.279674182509,663.7389736135912,6,5,5,0.9047619047619048,0.42857142857142855,0.9047619047619048,0.8333333333333334,high,p10_area20_duration3,True,2026-06-24T18:32:06.313319+00:00,10,22,11,16,59,16
BDP10A_2010_01,2010,2010/11,2010-12-21,2010-12-26,6,2010-12-25,0.999999999999997,0.2015484817165171,0.3670522036096792,0.4896472512944051,2.202313221658075,10.556597987519934,7.199999809265137,1.5869011182096522,0.7205610458147764,0.3040041878351757,0.3625551619644138,0.1317580430733855,0.0,0.0,2,moderate,20,108700.34791324272,0.7752004456113852,90.04369992607592,23.70387242952216,479.279674182509,663.7389736135912,6,5,1,0.7777777777777777,0.0,0.6388888888888888,0.8333333333333334,high,p10_area20_duration3,True,2026-06-24T18:32:06.313319+00:00,21,71,47,54,193,51
BDP10A_2010_02,2010,2010/11,2011-01-11,2011-01-15,5,2011-01-13,0.999999999999997,0.2344846056849007,0.565114506025331,0.8960905516591184,2.8255725301266548,7.551586293983397,4.5,3.28706620261777,1.1633274911794351,0.6575582730124963,0.5484701565535517,0.4547128742716557,0.3167562289711509,0.0,3,severe,25,132885.6635140721,0.94767889476942,90.20290348383148,23.76764998552665,479.279674182509,663.7389736135912,6,5,3,0.7999999999999999,0.0,0.6888888888888888,0.8333333333333334,high,p10_area20_duration3,True,2026-06-24T18:32:06.313319+00:00,27,25,30,30,112,27
BDP10A_2010_03,2010,2010/11,2011-01-17,2011-01-19,3,2011-01-18,0.999999999999997,0.3992501913711848,0.7018282980502352,0.999999999999997,2.1054848941507056,7.72913285149484,5.400000095367432,2.8275328444074104,1.3429366566640504,0.7242682801692025,0.4802193466100773,0.4682668336482319,0.1317580430733855,0.0,3,severe,26,140222.24642493957,0.9999999999999992,90.28372489777873,23.82783643664409,479.279674182509,663.7389736135912,6,4,3,0.6666666666666666,0.0,0.5333333333333333,0.6666666666666666,moderate,p10_area20_duration3,True,2026-06-24T18:32:06.313319+00:00,56,1,50,36,143,37
BDP10A_2010_04,2010,2010/11,2011-02-23,2011-02-25,3,2011-02-25,0.999999999999997,0.226484681106683,0.2944945721999575,0.3937642660475501,0.8834837165998725,13.959160721929296,10.399999618530272,0.6381098094732117,0.7222655013145082,0.0950296566385896,0.0,0.0,0.0,0.0,0,no_bmd_cold_wave,12,55214.50994705548,0.3937642660475529,89.63818749316188,23.21110682229354,320.4872676942574,375.6391896399207,6,2,2,0.3333333333333333,0.0,0.3333333333333333,0.3333333333333333,low,p10_area20_duration3,True,2026-06-24T18:32:06.313319+00:00,56,83,83,79,301,83
BDP10A_2011_01,2011,2011/12,2011-12-15,2011-12-20,6,2011-12-17,0.999999999999997,0.208944004481884,0.4036180338572955,0.6012375859130337,2.421708203143773,11.244302186771794,6.0,1.979695735444068,0.8174790558474796,0.4094101528455346,0.2657995904607242,0.0936847118507803,0.0380733312226052,0.0,3,severe,22,110314.34510738388,0.7867107247239448,90.14897770456378,23.696182945393765,479.279674182509,663.7389736135912,6,4,2,0.5833333333333334,0.0,0.5075757575757576,0.6666666666666666,moderate,p10_area20_duration3,True,2026-06-24T18:32:06.313319+00:00,21,60,40,46,167,44
BDP10A_2011_02,2011,2011/12,2011-12-22,2011-12-25,4,2011-12-24,0.999999999999997,0.2806048997179718,0.3546773870536001,0.4657508259594495,1.4187095482144003,10.567931916889142,6.5,1.1514768210584485,0.8116367599750822,0.2199171067010871,0.2657995904607242,0.1480022351167895,0.0,0.0,2,moderate,16,85500.55422890862,0.6097502814910091,89.95970741158695,23.993713933614185,479.279674182509,663.7389736135912,6,5,3,0.7916666666666666,0.0,0.6856060606060606,0.8333333333333334,high,p10_area20_duration3,True,2026-06-24T18:32:06.313319+00:00,44,72,67,66,249,67
BDP10A_2011_03,2011,2011/12,2012-01-14,2012-01-16,3,2012-01-15,0.999999999999997,0.2731553779069344,0.5090558980276246,0.6627135054363587,1.5271676940828738,8.692944234546298,5.900000095367432,0.9542094127193184,0.6248229427694644,0.1805189300772618,0.5495834286345412,0.4563675715045114,0.0471269312789505,0.0,3,severe,22,122012.40608315136,0.8701358678379469,90.2411871694666,23.918914698992133,475.506170296108,607.1683711415035,6,3,1,0.5,0.0,0.3666666666666667,0.5,moderate,p10_area20_duration3,True,2026-06-24T18:32:06.313319+00:00,56,51,63,70,240,65
BDP10A_2011_04,2011,2011/12,2012-02-10,2012-02-14,5,2012-02-13,0.999999999999997,0.2364771694071156,0.6073653951412042,0.9592262943842208,3.0368269757060213,10.370922074568588,5.900000095367432,3.4569329426950426,1.138337142797328,0.771720478795634,0.3682266422137492,0.1524010930553864,0.0471269312789505,0.0,3,severe,26,140222.24642493957,0.9999999999999992,90.28372489777873,23.82783643664409,479.279674182509,663.7389736135912,6,6,3,0.8333333333333334,0.6,0.8333333333333334,1.0,high,p10_area20_duration3,True,2026-06-24T18:32:06.313319+00:00,27,15,26,24,92,20
BDP10A_2012_01,2012,2012/13,2012-12-03,2012-12-09,7,2012-12-07,0.999999999999997,0.224337103809747,0.3798017780564591,0.5415326913912114,2.658612446395214,13.216666556527253,10.199999809265137,1.7001509614536028,0.6394880772332276,0.2465392723467465,0.0,0.0,0.0,0.0,0,no_bmd_cold_wave,23,123901.3080729558,0.8836066404005273,90.20753928603654,23.82293588040238,479.279674182509,663.7389736135912,6,4,2,0.6190476190476191,0.0,0.582010582010582,0.6666666666666666,moderate,p10_area20_duration3,True,2026-06-24T18:32:06.313319+00:00,10,67,38,52,167,44
BDP10A_2012_02,2012,2012/13,2012-12-26,2013-01-02,8,2012-12-31,0.999999999999997,0.3175159541310272,0.574494176356197,0.9476788947694182,4.595953410849576,9.171735307803653,5.699999809265137,4.145617597049877,0.9020147130437396,0.5357486164351579,0.5756896277744069,0.2580393542314799,0.0208305353845536,0.0,3,severe,26,140222.24642493957,0.9999999999999992,90.28372489777873,23.82783643664409,479.279674182509,663.7389736135912,6,5,4,0.8333333333333334,0.0,0.7999999999999999,0.8333333333333334,high,p10_area20_duration3,True,2026-06-24T18:32:06.313319+00:00,8,17,12,18,55,12
BDP10A_2012_03,2012,2012/13,2013-01-08,2013-01-14,7,2013-01-10,0.999999999999997,0.2924794492020834,0.7571895231452556,0.999999999999997,5.300326662016789,6.005771053216176,3.200000047683716,12.118391666476864,2.286348076113818,0.999999999999997,0.4947662367219355,0.4750996758372185,0.4563675715045114,0.105892722326409,4,very_severe,26,140222.24642493957,0.9999999999999992,90.28372489777873,23.82783643664409,479.279674182509,663.7389736135912,6,6,2,0.9285714285714285,0.7142857142857143,0.830928330928331,1.0,high,p10_area20_duration3,True,2026-06-24T18:32:06.313319+00:00,10,1,5,2,18,2
BDP10A_2012_04,2012,2012/13,2013-01-25,2013-01-27,3,2013-01-27,0.999999999999997,0.2126475584993233,0.523161646976093,0.8301996589569447,1.569484940928279,8.573378288868984,5.400000095367432,1.5467897761883902,0.9855397371787042,0.3724744818631978,0.5223576449033958,0.313065983529692,0.1408116431297308,0.0,3,severe,23,123476.7715566844,0.8805790429465195,90.19893874907896,23.80653738444945,473.5788207362781,554.5971047028385,6,3,1,0.5,0.0,0.34722222222222215,0.5,moderate,p10_area20_duration3,True,2026-06-24T18:32:06.313319+00:00,56,32,61,56,205,54
BDP10A_2013_01,2013,2013/14,2013-12-16,2013-12-18,3,2013-12-17,0.9751631433868624,0.2022767925292936,0.3119720721328963,0.441785517473602,0.9359162163986888,11.39318292158653,6.5,0.8379312831520125,0.8953058708356261,0.2952385100814108,0.1815143809874418,0.0471269312789505,0.0,0.0,2,moderate,15,76429.99493121586,0.5450632612146067,90.94630827043927,23.48849203625598,426.23882118463314,516.7989417622324,6,2,1,0.3333333333333333,0.0,0.2916666666666667,0.3333333333333333,low,p10_area20_duration3,True,2026-06-24T18:32:06.313319+00:00,56,75,81,74,286,79
BDP10A_2013_02,2013,2013/14,2014-02-18,2014-02-22,5,2014-02-18,0.9751631433868624,0.308596830718284,0.5425374297441814,0.8222950367181394,2.712687148720907,11.411472244667276,8.199999809265137,3.001007546283823,1.1062859009373291,0.6412542557411675,0.178884974352336,0.0,0.0,0.0,1,mild,25,136739.56659651152,0.9751631433868632,90.28779219614088,23.844664679906124,479.279674182509,663.7389736135912,6,5,4,0.7999999999999999,0.0,0.7999999999999999,0.8333333333333334,high,p10_area20_duration3,True,2026-06-24T18:32:06.313319+00:00,27,33,32,32,124,33
BDP10A_2014_01,2014,2014/15,2015-01-31,2015-02-02,3,2015-02-01,0.9472015884717112,0.3093746943562402,0.5322317695689476,0.7610506151492175,1.5966953087068427,9.65483350830098,5.5,1.1765473412345333,0.7368640308634804,0.521879775385553,0.4368450740191872,0.1860755663393947,0.0471269312789505,0.0,3,severe,21,106716.22689930596,0.7610506151492208,89.99509591560569,23.917473892408385,479.279674182509,663.7389736135912,6,4,4,0.6666666666666666,0.0,0.6666666666666666,0.6666666666666666,moderate,p10_area20_duration3,True,2026-06-24T18:32:06.313319+00:00,56,42,59,65,222,59
BDP10A_2015_01,2015,2015/16,2015-12-16,2015-12-18,3,2015-12-17,0.999999999999997,0.2926157678215162,0.4507634927507282,0.7298710080479145,1.3522904782521847,10.656142354468576,8.399999618530273,1.1950747511636757,0.8837411564919779,0.5339180853757092,0.4136394981641578,0.0,0.0,0.0,1,mild,17,102344.15234891367,0.7298710080479136,90.4809458855792,24.085979618980115,465.7840901856009,554.5971047028385,6,2,0,0.3333333333333333,0.0,0.08391608391608392,0.3333333333333333,low,p10_area20_duration3,True,2026-06-24T18:32:06.313319+00:00,56,46,69,62,233,63
BDP10A_2015_02,2015,2015/16,2015-12-20,2015-12-24,5,2015-12-21,0.999999999999997,0.212531350822997,0.453095424607013,0.7737354406472754,2.265477123035065,10.249530615450386,6.0,2.21374244523912,0.9771638930846338,0.5457739808699459,0.4782065809763665,0.1014444545449597,0.0471269312789505,0.0,3,severe,23,125333.18191058889,0.8938181002376049,90.32294960090466,23.865814696874597,479.279674182509,663.7389736135912,6,5,1,0.7000000000000001,0.0,0.5065268065268065,0.8333333333333334,high,p10_area20_duration3,True,2026-06-24T18:32:06.313319+00:00,27,40,45,42,154,40
BDP10A_2015_03,2015,2015/16,2016-01-25,2016-01-27,3,2016-01-26,0.999999999999997,0.3352542473615564,0.4091327893535458,0.5398377990701279,1.2273983680606375,8.852312693218156,6.099999904632568,0.9740010478981184,0.7935492446817393,0.1820340414747384,0.6114035923879102,0.3952927864503913,0.0,0.0,2,moderate,20,97025.68467545288,0.6919421643083594,90.2480510980406,23.434874901735803,426.23882118463314,522.7671893205506,6,4,2,0.6666666666666666,0.0,0.5583333333333333,0.6666666666666666,moderate,p10_area20_duration3,True,2026-06-24T18:32:06.313319+00:00,56,68,74,69,267,70
BDP10A_2016_01,2016,2016/17,2017-01-14,2017-01-16,3,2017-01-14,0.999999999999997,0.2122975049045473,0.3271497211600918,0.4932216203624216,0.9814491634802752,8.480557687056438,5.099999904632568,0.931858916364512,0.9494724240836748,0.2731487966439633,0.4204060064927345,0.2866011670122328,0.19512916639574,0.0,3,severe,18,89978.88782851506,0.6416876788283401,89.99148095491284,23.84564329790928,479.279674182509,663.7389736135912,6,3,1,0.5,0.0,0.35000000000000003,0.5,moderate,p10_area20_duration3,True,2026-06-24T18:32:06.313319+00:00,56,70,80,71,277,77
BDP10A_2017_01,2017,2017/18,2018-01-06,2018-01-12,7,2018-01-08,0.999999999999997,0.3023175123353254,0.5827523188141842,0.9247264545039928,4.07926623169929,7.350693041295237,3.200000047683716,5.978539795789239,1.4655919609588155,0.8265598241432268,0.4832022291310587,0.3932027721856337,0.3095656369840922,0.0543175232660092,4,very_severe,25,132818.73455277464,0.9472015884717114,90.17227963615478,23.895438011836124,479.279674182509,663.7389736135912,6,5,2,0.9047619047619048,0.42857142857142855,0.7066137566137566,0.8333333333333334,high,p10_area20_duration3,True,2026-06-24T18:32:06.313319+00:00,10,20,14,11,55,12
BDP10A_2017_02,2017,2017/18,2018-01-28,2018-01-30,3,2018-01-29,0.999999999999997,0.2309875814256196,0.3873521072895777,0.5463985103391398,1.1620563218687332,9.47500839650076,7.199999809265137,0.7347776642346433,0.6323081337856569,0.2979369276633525,0.6535654620884735,0.1969709394135992,0.0,0.0,2,moderate,18,96603.90154703445,0.6889342027389788,90.45210950214016,23.85528075971428,471.7589323215144,663.7389736135912,6,3,3,0.5,0.0,0.5,0.5,moderate,p10_area20_duration3,True,2026-06-24T18:32:06.313319+00:00,56,66,76,77,275,75
BDP10A_2018_01,2018,2018/19,2018-12-08,2018-12-10,3,2018-12-09,0.999999999999997,0.2310268285177133,0.3509425069155383,0.4255148493303326,1.0528275207466151,12.85462394501272,9.300000190734863,0.5437956000274956,0.5165096744829216,0.2457478433096082,0.0471269312789505,0.0,0.0,0.0,1,mild,18,82361.81312543005,0.5873662362806172,90.5841298957246,23.46132951360261,479.279674182509,663.7389736135912,6,2,1,0.3333333333333333,0.0,0.2916666666666667,0.3333333333333333,low,p10_area20_duration3,True,2026-06-24T18:32:06.313319+00:00,56,78,78,85,297,81
BDP10A_2018_02,2018,2018/19,2018-12-27,2018-12-31,5,2018-12-29,0.999999999999997,0.2985478131695313,0.554802579242783,0.7990865177183621,2.774012896213915,8.507338013788313,5.800000190734863,3.308288849003832,1.1926003853547755,0.7046455266947319,0.3411438999451384,0.447903054228383,0.0970455966063628,0.0,3,severe,23,122669.8393438944,0.8748243768121273,90.13354822745931,23.81643452520754,479.279674182509,663.7389736135912,6,6,2,0.9,0.6,0.7696581196581196,1.0,high,p10_area20_duration3,True,2026-06-24T18:32:06.313319+00:00,27,37,31,29,124,33
BDP10A_2019_01,2019,2019/20,2020-02-10,2020-02-14,5,2020-02-11,0.999999999999997,0.293814149442177,0.3570773892287527,0.4387523794682121,1.7853869461437637,11.515228430530032,8.600000381469727,1.1840495396212776,0.6631893115263849,0.2178950454857156,0.2509316821685579,0.0,0.0,0.0,1,mild,19,96876.88429748168,0.6908809890543254,90.21147529485005,23.470451176196427,475.506170296108,607.1683711415035,6,3,3,0.5,0.0,0.5,0.5,moderate,p10_area20_duration3,True,2026-06-24T18:32:06.313319+00:00,27,76,56,64,223,60
BDP10A_2020_01,2020,2020/21,2020-12-19,2020-12-22,4,2020-12-19,0.999999999999997,0.2502936041115366,0.5345626189510798,0.7936371057425482,2.1382504758043197,10.10265841989806,7.300000190734863,2.0304448076035557,0.9495823013156528,0.5905461057329487,0.3784643213311351,0.1860755663393947,0.0,0.0,2,moderate,23,125502.5581852503,0.8950260132398551,90.2627612772753,23.9309037808239,479.279674182509,663.7389736135912,6,4,3,0.625,0.0,0.625,0.6666666666666666,moderate,p10_area20_duration3,True,2026-06-24T18:32:06.313319+00:00,44,38,48,45,175,48
BDP10A_2020_02,2020,2020/21,2021-01-31,2021-02-03,4,2021-02-01,0.999999999999997,0.429460505082105,0.7379977555759092,0.9730634542009294,2.9519910223036367,8.352295478280695,5.5,3.976795946396737,1.3471571953810944,0.9730634542009294,0.6052563362062485,0.4477784286838023,0.0471269312789505,0.0,3,severe,25,139596.6572357209,0.9955385881686494,90.27431731881818,23.840060488594226,475.506170296108,607.1683711415035,6,6,3,0.9583333333333334,0.75,0.8916666666666666,1.0,high,p10_area20_duration3,True,2026-06-24T18:32:06.313319+00:00,44,12,27,20,103,23
BDP10A_2021_01,2021,2021/22,2022-01-29,2022-01-31,3,2022-01-30,0.999999999999997,0.3742422695621654,0.4205519004820345,0.4579598803939699,1.2616557014461036,10.038318360076026,7.800000190734863,0.5943731665761391,0.4711056795406794,0.2793696555866562,0.5799340540543118,0.0543175232660092,0.0,0.0,2,moderate,19,102566.17725073524,0.7314543866307152,90.443855069872,23.872238786559237,467.9854284351133,607.1683711415035,6,4,2,0.6666666666666666,0.0,0.5833333333333334,0.6666666666666666,moderate,p10_area20_duration3,True,2026-06-24T18:32:06.313319+00:00,56,73,73,83,285,78
BDP10A_2021_02,2021,2021/22,2022-02-06,2022-02-09,4,2022-02-07,0.999999999999997,0.2043102757326787,0.4269638860746528,0.66289640019348,1.7078555442986112,10.829790489501807,8.5,0.8580534679306462,0.502415717064077,0.2142304432241977,0.3714772210251845,0.0,0.0,0.0,1,mild,20,101558.52525965314,0.7242682801692022,90.3241907904688,23.67150384159297,475.506170296108,607.1683711415035,6,3,3,0.5,0.0,0.5,0.5,moderate,p10_area20_duration3,True,2026-06-24T18:32:06.313319+00:00,44,50,57,73,224,61
BDP10A_2021_03,2021,2021/22,2022-02-12,2022-02-20,9,2022-02-19,0.999999999999997,0.2295384013611314,0.3987587524793115,0.5776368744585019,3.5888287723138035,11.750752818281985,7.699999809265137,2.9505621482506665,0.8221518315426257,0.2967751446460055,0.1525885784579391,0.0471269312789505,0.0,0.0,2,moderate,21,109530.2961507908,0.7811192513551825,90.51837844148112,23.539018206066213,475.506170296108,466.1965868484628,6,4,3,0.5925925925925926,0.0,0.5925925925925926,0.6666666666666666,moderate,p10_area20_duration3,True,2026-06-24T18:32:06.313319+00:00,4,62,19,33,118,30
BDP10A_2024_01,2024,2024/25,2024-12-07,2024-12-09,3,2024-12-07,0.9955385881686476,0.2312157440802913,0.2665847839030672,0.2963305217709666,0.7997543517092017,13.34153328481386,10.100000381469728,0.6179749730125564,0.7727059836459108,0.2473712292448091,0.0,0.0,0.0,0.0,0,no_bmd_cold_wave,12,73528.62563248556,0.524372041577904,90.51164746119174,23.97673107891285,466.05807887528334,554.5971047028385,6,2,2,0.3333333333333333,0.0,0.3333333333333333,0.3333333333333333,low,p10_area20_duration3,True,2026-06-24T18:32:06.313319+00:00,56,84,85,80,305,85
